,node,lat,lon,name,tags
0,1749420723,35.6516312,139.544765,"['ローソン 調布布田四丁目店', '調布駅', '都市型保育園ポポラー東京調布園']","['保育園', 'ローソン', 'コンビニ', '駅']"
1,1749420750,35.6497462,139.5517134,"['セブン-イレブン 調布布田駅前店', 'らむじゃむ', '布田駅']","['セブンイレブン', '飲食店', '肉料理', 'コンビニ', '駅']"
2,7683200692,35.6500778,139.5582624,['国領駅'],['駅']
3,300259355,35.6542086,139.5666707,"['NAAN（ナン）', '柴崎駅']","['飲食店', 'ダイニングバー', 'インドカレー', '駅']"
4,9867389542,35.6581427,139.5754005,['つつじヶ丘駅'],['駅']
5,9867389551,35.6571208,139.5301728,"['西調布駅', '調布市立西調布南第3自転車等駐車場']","['駐輪場', '駅']"
6,9944168469,35.6602614,139.5231613,['飛田給駅'],['駅']
7,1679079319,35.6449464,139.5371191,['京王多摩川駅'],['駅']
8,5106445096,35.6509849,139.5429763,"['ローソン 調布駅南口店', '放課後等デイサービスぴっころ']","['ローソン', 'コンビニ']"
9,5118739853,35.6542563,139.5475655,['ローソン 調布布田店'],"['ローソン', 'コンビニ']"
10,306138103,35.6499317,139.5591952,"['ローソン 調布国領町三丁目店', '国領駅南口市営駐車場']","['ローソン', 'コンビニ']"
11,1801192789,35.6735627,139.5450817,"['park', 'ローソン 調布深大寺北町一丁目店']","['飲食店', 'ローソン', 'ドーナツ', 'カフェ', 'コンビニ']"
12,1787435556,35.6511303,139.5300286,['ローソン 調布多摩川一丁目店'],"['ローソン', 'コンビニ']"
13,11192941601,35.652142,139.5425801,['ローソン 調布小島町二丁目店'],"['ローソン', 'コンビニ']"
14,1665566559,35.6433985,139.5384387,['ローソン 調布多摩川店'],"['ローソン', 'コンビニ']"
15,393810950,35.6622756,139.5844392,['ローソン 仙川駅前店'],"['ローソン', 'コンビニ']"
16,9924439598,35.6569721,139.5304491,['ローソンストア100 西調布駅前店'],"['ローソンストア', 'コンビニ']"
17,4762171956,35.6601751,139.5227048,['ローソン 飛田給駅南口店'],"['ローソン', 'コンビニ']"
18,1665566566,35.6446147,139.536927,['ローソン 京王多摩川駅店'],"['ローソン', 'コンビニ']"
19,1682418674,35.6575912,139.5730089,['ローソン 西つつじヶ丘三丁目店'],"['ローソン', 'コンビニ']"
20,307350659,35.6539991,139.5679362,['ローソンストア100 柴崎駅南口店'],"['ローソンストア', 'コンビニ']"
21,6963272636,35.6614504,139.523312,['ローソンストア100 飛田給駅北口店'],"['ローソンストア', 'コンビニ']"
22,1477835066,35.6537344,139.5462875,['ファミリーマート 調布駅北店'],"['ファミリーマート', 'コンビニ']"
23,10178386367,35.6508381,139.5440543,['ファミリーマート 調布駅南口店'],"['ファミリーマート', 'コンビニ']"
24,2643378450,35.6581359,139.536099,['ファミリーマート 調布インター店'],"['ファミリーマート', 'コンビニ']"
25,1314217209,35.6511401,139.5826881,['ファミリーマート 調布若葉町店'],"['ファミリーマート', 'コンビニ']"
26,996411732,35.653123,139.5406993,['ファミリーマート 調布小島町店'],"['ファミリーマート', 'コンビニ']"
27,2551899763,35.6677788,139.5355576,['ファミリーマート 調布天文台通り店'],"['ファミリーマート', 'コンビニ']"
28,1656988603,35.6588332,139.5399387,['ファミリーマート 調布武蔵境通り店'],"['ファミリーマート', 'コンビニ']"
29,6524033739,35.653248,139.544199,['ファミリーマート 調布天神通り店'],"['ファミリーマート', 'コンビニ']"
30,8497048034,35.6465147,139.5409268,"['ファミリーマート 調布小島町三丁目店', '光ケ丘仲よし公園']","['公園・児童遊園', 'ファミリーマート', 'コンビニ', '公園']"
31,1973774227,35.6381498,139.5531517,['ファミリーマート 調布染地二丁目店'],"['ファミリーマート', 'コンビニ']"
32,7271311799,35.6659296,139.589112,['ファミリーマート 調布緑ヶ丘店'],"['ファミリーマート', 'コンビニ']"
33,1872456682,35.6619664,139.5493213,['ファミリーマート 調布深大寺元町店'],"['ファミリーマート', 'コンビニ']"
34,1754956120,35.6604725,139.5719024,['ファミリーマート 調布つつじヶ丘店'],"['ファミリーマート', 'コンビニ']"
35,433785180,35.64539,139.5558829,['ファミリーマート 調布品川通り店'],"['ファミリーマート', 'コンビニ']"
36,484686423,35.6649909,139.5654416,['ファミリーマート 調布上ノ原店'],"['ファミリーマート', 'コンビニ']"
37,7235118846,35.6506912,139.5876453,['ファミリーマート 調布入間町店'],"['ファミリーマート', 'コンビニ']"
38,1865212803,35.6485696,139.5681242,['ファミリーマート 国領八丁目店'],"['ファミリーマート', 'コンビニ']"
39,7274629713,35.6619224,139.5869871,['ファミリーマート 調布仙川町一丁目店'],"['ファミリーマート', 'コンビニ']"
40,310387507,35.6567591,139.5303413,['ファミリーマート 西調布駅前店'],"['ファミリーマート', 'コンビニ']"
41,2578884540,35.6625513,139.552718,['ファミリーマート 深大寺南町店'],"['ファミリーマート', 'コンビニ']"
42,6524088409,35.6526489,139.5455819,['セブン-イレブン 調布駅北口店'],"['セブンイレブン', 'コンビニ']"
43,1494166059,35.651627,139.5460277,['セブン-イレブン 調布駅東口店'],"['セブンイレブン', 'コンビニ']"
44,10271619524,35.6467624,139.5490046,['セブン-イレブン 調布品川通り店'],"['セブンイレブン', 'コンビニ']"
45,394325789,35.6593005,139.5432476,"['セブン-イレブン 調布富士見２丁目店', 'セブン-イレブン 調布富士見２丁目']","['セブンイレブン', 'コンビニ']"
46,1749420765,35.6488462,139.5452069,['セブン-イレブン 調布布田４丁目店'],"['セブンイレブン', 'コンビニ']"
47,6519028712,35.6511493,139.5511128,['セブン-イレブン 調布布田２丁目店'],"['セブンイレブン', 'コンビニ']"
48,2500431463,35.6478937,139.5354086,['セブン-イレブン 調布下石原３丁目店'],"['セブンイレブン', 'コンビニ']"
49,278928328,35.6623661,139.5220703,['セブン-イレブン 調布飛田給１丁目店'],"['セブンイレブン', 'コンビニ']"
50,4762171947,35.6606743,139.5237893,['セブン-イレブン 調布飛田給駅北口店'],"['セブンイレブン', 'コンビニ']"
51,1787436068,35.6570862,139.5245817,['セブン-イレブン 調布飛田給２丁目店'],"['セブンイレブン', 'コンビニ']"
52,8570791771,35.6520234,139.5443385,['セブン-イレブン 京王調布駅店'],"['セブンイレブン', 'コンビニ']"
53,6528425965,35.6542273,139.5404202,['セブン-イレブン 調布小島１丁目店'],"['セブンイレブン', 'コンビニ']"
54,10692613451,35.6490607,139.5414573,"['セブン-イレブン 調布小島３丁目店', '千年ラーメン（せんねんらーめん）']","['飲食店', 'ラーメン', 'コンビニ', 'セブンイレブン']"
55,6516146531,35.6632609,139.5839126,['セブン-イレブン 調布仙川店'],"['セブンイレブン', 'コンビニ']"
56,307350591,35.6588233,139.5619485,['セブン-イレブン 調布柴崎１丁目店'],"['セブンイレブン', 'コンビニ']"
57,6117759542,35.6555657,139.5519102,['セブン-イレブン 調布ヶ丘２丁目店'],"['セブンイレブン', 'コンビニ']"
58,429779590,35.6532517,139.5914731,['セブン-イレブン 調布入間町１丁目店'],"['セブンイレブン', 'コンビニ']"
59,286839219,35.6590678,139.5317238,['セブン-イレブン 調布インター南店'],"['セブンイレブン', 'コンビニ']"
60,1608092565,35.6434147,139.5511289,['セブン-イレブン 調布染地２丁目店'],"['セブンイレブン', 'コンビニ']"
61,1787435620,35.6523899,139.5278043,['セブン-イレブン 調布上石原３丁目店'],"['セブンイレブン', 'コンビニ']"
62,994598126,35.6520147,139.5348996,"['(卸)調布食肉センター', 'セブン-イレブン 調布下石原２丁目店']","['ホルモン', 'セブンイレブン', '飲食店', '焼肉', '居酒屋', 'コンビニ']"
63,4761231138,35.6562598,139.5405899,['セブン-イレブン 電気通信大学前店'],"['セブンイレブン', 'コンビニ']"
64,10697117884,35.6638694,139.542466,"['セブン-イレブン 調布富士見店', 'ビッグボーイ調布富士見町店']","['ハンバーグ', 'セブンイレブン', 'ファミレス', '飲食店', 'ステーキ', 'コンビニ']"
65,1656997628,35.6610138,139.5475126,['セブン-イレブン 調布ヶ丘３丁目店'],"['セブンイレブン', 'コンビニ']"
66,5137281390,35.6708877,139.5600356,['南台こぎつね公園'],"['公園・児童遊園', '公園']"
67,1955263673,35.6598281,139.5738722,['調布市立つつじケ丘北第3自転車駐車場'],['駐輪場']
68,278928324,35.6611994,139.5242025,['第1消防分団'],[]
69,6517942637,35.6540471,139.5637926,['菊野台1丁目第2児童遊園'],"['公園・児童遊園', '児童遊園']"
70,1871987062,35.6505486,139.5588083,"['調布国領しごと情報広場', 'こくきた公園']","['公園・児童遊園', '広場', '公園']"
71,1787435585,35.6518449,139.5272199,['調布上石原三郵便局'],['郵便局']
72,1871987925,35.6503306,139.5573959,"['調布市市民プラザあくろす男女共同参画推進センター', '熊王ラーメン（くまおうらーめん）', '調布市市民プラザあくろす', '調布市市民プラザあくろす市民活動支援センター', '国領交番']","['飲食店', 'ラーメン', '交番']"
73,287792028,35.650668,139.5601873,"['国領分館', '第五保育園']",['保育園']
74,1396169776,35.6624873,139.5857452,"['ロイヤルホスト仙川駅前店（RoyalHost）', '仙川駅東自転車等駐車場']","['飲食店', 'ファミレス', '駐輪場']"
75,731790273,35.6576306,139.5697739,['調布消防署つつじケ丘出張所'],[]
76,307350728,35.6542887,139.5593104,['野川中央児童遊園'],"['公園・児童遊園', '児童遊園']"
77,567913062,35.6724398,139.5582191,['第14消防分団'],[]
78,7308755473,35.6502718,139.5435222,"['調布市立調布南第1自転車駐車場', 'しゃぶ葉調布南口店']","['飲食店', 'しゃぶしゃぶ', '駐輪場']"
79,1777027484,35.6530609,139.5406635,['調布市立調布西第2路上自転車等駐車場'],['駐輪場']
80,1715830037,35.6605805,139.5651368,['柴崎2丁目第1公園'],"['公園・児童遊園', '公園']"
81,8697303869,35.6464399,139.5399348,['小島町3丁目児童遊園'],"['公園・児童遊園', '児童遊園']"
82,313855196,35.6601685,139.5557978,"['柏野小学校', 'かしわの学童クラブ']","['学童クラブ', '小学校']"
83,2500459563,35.6511086,139.5341754,['マルガリタ幼稚園'],['幼稚園']
84,2504516594,35.6382165,139.5547636,['染地みずき公園'],"['公園・児童遊園', '公園']"
85,1787435671,35.6529413,139.5224494,"['西部児童館', '西部公民館', 'ヒューマンアカデミー上石原保育園']",['保育園']
86,313855240,35.6587212,139.5556462,"['佐須児童館', '佐須ふれあいの家', '佐須分館']",[]
87,7274607213,35.6537134,139.5784954,['調布たちばな幼稚園'],['幼稚園']
88,1787435513,35.6499353,139.5316027,['多摩川1丁目児童遊園'],"['公園・児童遊園', '児童遊園']"
89,2592428717,35.651338,139.5405794,"['調布市立調布西第1路上自転車駐車場', '保健センター', '調布市立調布西第3自転車等駐車場', '文化会館たづくり']",['駐輪場']
90,1618953479,35.6469314,139.5480776,"['布田交番', 'エンゼルシー']",['交番']
91,485230633,35.6695981,139.5786941,['緑ケ丘仲よし公園'],"['公園・児童遊園', '公園']"
92,2651415190,35.6634832,139.5556327,['野草園'],[]
93,1138638663,35.650824,139.5477227,"['調布市立調布東第3自転車等駐車場', '調布市立調布東第2路上自転車等駐車場', '木下の保育園調布駅前']","['保育園', '駐輪場']"
94,677543132,35.6636505,139.5604454,"['晃華学園マリアの園幼稚園', '晃華学園小学校']","['幼稚園', '小学校']"
95,1656988599,35.658537,139.5397994,['富士見保育園'],['保育園']
96,7354385489,35.6532844,139.5677503,['調布市立柴崎南自転車等駐車場'],['駐輪場']
97,10697090990,35.6567318,139.5398227,['電気通信大学前交番'],['交番']
98,1518948259,35.6474039,139.5343018,['下石原地域福祉センター'],['福祉センター']
99,1678297692,35.6454886,139.5329303,['新川通り公園'],"['公園・児童遊園', '公園']"
100,810020042,35.6584033,139.5828314,"['東部公民館', '東部児童館', '東部保育園', 'niwa-coya（ニワコヤ）']","['飲食店', '洋菓子', 'カフェ', '保育園']"
101,677560652,35.6709998,139.5616321,['きつね山児童遊園'],"['公園・児童遊園', '児童遊園']"
102,313855249,35.6568142,139.5549486,['大けやき公園'],"['公園・児童遊園', '公園']"
103,2088023468,35.6387154,139.5559323,['しいの実公園'],"['公園・児童遊園', '公園']"
104,6524088408,35.6527173,139.5453625,"['そらまめらぁめん本舗（ソラマメラーメンホンポ）', '調布駅北第1自転車駐車場', 'かれんど']","['担々麺', 'カレー', '丼', '駐輪場', '喫茶店', '飲食店', 'ラーメン', 'カレーうどん']"
105,1666548372,35.6444487,139.5379127,['調布小島郵便局'],['郵便局']
106,11035203987,35.6562494,139.5422034,['都立調布特別支援学校'],[]
107,8421975545,35.6395597,139.5549574,['染地2丁目第1公園'],"['公園・児童遊園', '公園']"
108,484682874,35.6630523,139.5668142,['けやき児童遊園'],"['公園・児童遊園', '児童遊園']"
109,8421975614,35.6397088,139.5560804,"['市民活動支援センター染地コーナー', '染地地域福祉センター']",['福祉センター']
110,2078704134,35.6641198,139.5349039,"['市民活動支援センター富士見町コーナー', '富士見地域福祉センター']",['福祉センター']
111,1404154483,35.6642226,139.5844398,['調布市立仙川北自転車駐車場'],['駐輪場']
112,1396169682,35.6600842,139.583741,['桐朋学園大学'],['大学']
113,298967546,35.6395947,139.5597055,['多摩川住宅交番'],['交番']
114,4989538850,35.6458634,139.5305774,['多摩川3丁目第1児童遊園'],"['公園・児童遊園', '児童遊園']"
115,1314217296,35.6518421,139.5826181,['若葉町3丁目第2児童遊園'],"['公園・児童遊園', '児童遊園']"
116,679149389,35.6605075,139.5869541,['仙川保育園'],['保育園']
117,2257249434,35.659762,139.5736784,['ポピンズナーサリースクール調布分園'],[]
118,1314217284,35.6556393,139.5849964,['若葉町3丁目公園'],"['公園・児童遊園', '公園']"
119,6117614348,35.666109,139.5523417,['深大寺小学校学童クラブ'],"['学童クラブ', '小学校']"
120,11017311979,35.6551434,139.5449843,['かみふだ学童クラブ'],['学童クラブ']
121,936597640,35.6637469,139.5814442,"['ちいはぐ・仙川', '第八中学校']",['中学校']
122,287791768,35.648865,139.5648045,['国領小学校学童クラブ'],"['学童クラブ', '小学校']"
123,448100709,35.6634433,139.5454963,['調布市子ども交通教室'],[]
124,298352771,35.6509267,139.5597325,"['調布市立国領北自転車駐車場', '調布市立国領東路上自転車等駐車場']",['駐輪場']
125,1865276943,35.6442212,139.5571484,"['わいわい学童クラブ', '東京YWCAまきば保育園']","['学童クラブ', '保育園']"
126,7274607103,35.6587138,139.5832602,"['桐朋学園芸術短期大学', '桐朋小学校']","['大学', '小学校', '短期大学']"
127,8635356807,35.6676076,139.5886152,['緑ケ丘テニスコート'],['テニスコート']
128,5009348143,35.6566822,139.5260289,['上石原自転車等保管所'],[]
129,2503491112,35.6588815,139.5515093,"['えのき橋児童遊園', '花みずき（手づくりレストラン）']","['ハンバーグ', '公園・児童遊園', '飲食店', '洋食', '児童遊園', 'ピザ']"
130,1738066714,35.6456186,139.56406,"['地域包括支援センターときわぎ国領', 'ときわぎ国領保育園']",['保育園']
131,2511023304,35.6779708,139.5433864,['庚申塚児童遊園'],"['公園・児童遊園', '児童遊園']"
132,10697117985,35.6717496,139.5443957,['神代植物公園前郵便局'],"['公園・児童遊園', '公園', '郵便局']"
133,1679197429,35.673743,139.5546772,['調布消防署深大寺出張所'],[]
134,11035203939,35.655795,139.5392633,['調布消防署'],[]
135,1618952937,35.6422855,139.5445792,['ぬの多児童遊園'],"['公園・児童遊園', '児童遊園']"
136,1656988708,35.6620961,139.5459555,['調布ケ丘児童遊園'],"['公園・児童遊園', '児童遊園']"
137,536670518,35.6584007,139.5469146,['天神北公園'],"['公園・児童遊園', '公園']"
138,304161247,35.6565629,139.5758579,['パイオニアキッズつつじヶ丘園'],[]
139,2644892830,35.6633413,139.5230287,"['飛田給1丁目児童遊園', '飛田給ふれあいの家']","['公園・児童遊園', '児童遊園']"
140,5238875598,35.6585076,139.5296654,['高速第6児童遊園'],"['公園・児童遊園', '児童遊園']"
141,1314171267,35.669575,139.5867631,"['柳川公園', 'ケヤキこもれび公園']","['公園・児童遊園', '公園']"
142,1714356222,35.6536718,139.580003,['東つつじケ丘ゲートボール場'],['ゲートボール場']
143,1787435595,35.6519833,139.5240999,['きりん仲よし公園'],"['公園・児童遊園', '公園']"
144,3149521473,35.6630686,139.559213,"['晃華学園高等学校', '晃華学園中学校']","['中学校', '高等学校']"
145,6524088420,35.6520469,139.5477334,"['障害者地域生活・就労支援センターちょうふだぞう', 'すまいる分室']",[]
146,6516190859,35.6593135,139.5743066,['つつじケ丘駅前交番'],['交番']
147,1915275620,35.657623,139.558619,['調布もみじの森保育園'],['保育園']
148,6559323436,35.6526156,139.5522019,['第6消防分団'],[]
149,9971478929,35.6585186,139.5764653,"['木下の保育園つつじケ丘', 'ウイスタリア（WISTARIA）']","['飲食店', 'ケーキ', '保育園']"
150,315441350,35.6619115,139.5624225,"['神代中学校', '市立神代中、上ノ原小学校周辺']","['中学校', '小学校']"
151,1915345232,35.6487468,139.5514555,['布田駅南ふれあいの家'],[]
152,287791776,35.6496632,139.5620503,['国領高齢者在宅サービスセンター'],[]
153,2643004903,35.6542354,139.5570455,['細田橋児童遊園'],"['公園・児童遊園', '児童遊園']"
154,6244883638,35.6530301,139.5591371,['八雲台2丁目児童遊園'],"['公園・児童遊園', '児童遊園']"
155,6385557955,35.6578738,139.5501195,['布多公園'],"['公園・児童遊園', '公園']"
156,296769600,35.6526177,139.5784968,['東つつじケ丘みのり公園'],"['公園・児童遊園', '公園']"
157,11192941614,35.6504577,139.5420859,"['地域包括支援センターちょうふ花園', 'ふくだ']","['親子丼', 'うどん', '飲食店', 'そば']"
158,6122871625,35.6647208,139.5332177,['調中前児童遊園'],"['公園・児童遊園', '児童遊園']"
159,1781135314,35.6591253,139.5827342,['パイオニアキッズ仙川園'],[]
160,5238875601,35.6581024,139.528952,"['上石原児童遊園', '高速第5児童遊園']","['公園・児童遊園', '児童遊園']"
161,631343450,35.6374742,139.5629922,['染地幼稚園'],['幼稚園']
162,6516190857,35.6590016,139.5733766,"['釜めし菜時記菜つ屋', 'スリーコンカフェつつじヶ丘店', 'エベレストキッチンインディアンネパーリレストラン本店（EverestKitchen-IndianNepaliRestaurant-）', '飛竜', 'ピノキオ幼児舎つつじヶ丘保育園']","['サンドイッチ', '釜飯', 'インドカレー', 'カフェ', 'ネパール料理', '飲食店', '中華料理', 'インド料理', '保育園']"
163,2500459591,35.6447079,139.5309662,['多摩川3丁目第3児童遊園'],"['公園・児童遊園', '児童遊園']"
164,1826661094,35.6366768,139.5574643,['多摩川五本松公園'],"['公園・児童遊園', '公園']"
165,6516338418,35.6572984,139.5690887,['菊野台交番'],['交番']
166,296064367,35.651892,139.5649856,"['菊野台2丁目第2児童遊園', '菊野台2丁目第1児童遊園']","['公園・児童遊園', '児童遊園']"
167,1955263630,35.6612622,139.5738264,['調布るんびに幼稚園'],['幼稚園']
168,3149056225,35.6585664,139.5251325,['飛田給児童遊園'],"['公園・児童遊園', '児童遊園']"
169,1666548348,35.6436902,139.5392502,['都立調布南高等学校'],['高等学校']
170,6520927091,35.6503177,139.5565873,['国領駅前郵便局'],['郵便局']
171,2078704098,35.6632268,139.5367596,"['保恵学園幼稚園', '保恵学園保育所']",['幼稚園']
172,1607739371,35.6404579,139.5476183,"['多摩川テニスコート', '南部ゲートボール場', '多摩川緑地公園']","['ゲートボール場', '公園・児童遊園', 'テニスコート', '公園']"
173,5106445098,35.6488808,139.5421505,['あいあい保育園調布乳幼児園'],['保育園']
174,11192941612,35.651038,139.5421104,['中央図書館'],['図書館']
175,2083248161,35.6608164,139.5722697,['つつじケ丘駅北暫定自転車駐車場'],['駐輪場']
176,6516192793,35.6594829,139.5748842,"['串カツ油屋（くしかつゆや）', 'ばち魂', '神代郵便局', 'CoCo壱番屋調布つつじヶ丘店（ココイチバンヤ）', 'ホルモン本舗昭和館']","['串揚げ', 'カレー', '居酒屋', 'ホルモン', '飲食店', 'ラーメン', '焼肉', '郵便局', '焼酎バー']"
177,3146710830,35.6548426,139.5467049,['上布田公園'],"['公園・児童遊園', '公園']"
178,567903722,35.6781137,139.5551356,"['すわくぼ児童遊園', 'すわくぼ東児童遊園']","['公園・児童遊園', '児童遊園']"
179,1715830179,35.6615637,139.5632688,"['北部公民館', 'うえのはら第1・第2学童クラブ']",['学童クラブ']
180,4762171955,35.660011,139.5230085,"['ちいはぐ・飛田給', '調布市立飛田給南自転車等駐車場']",['駐輪場']
181,567897892,35.6795356,139.5514166,['地域包括支援センターはなみずき'],[]
182,7076610110,35.665413,139.5882551,"['ブライト保育園調布仙川', 'プティ仙川ちとせ保育園']",['保育園']
183,905104946,35.648356,139.537019,['富士見台小学校'],['小学校']
184,638961132,35.664247,139.5833801,['調布仙川二郵便局'],['郵便局']
185,1480433043,35.6611187,139.564139,['柴崎2丁目第3公園'],"['公園・児童遊園', '公園']"
186,638210442,35.6622961,139.5673692,"['宮の上駐在所', '藤ウェルネス保育園']",['保育園']
187,2787406815,35.660618,139.5696742,['神代保育園'],['保育園']
188,567909019,35.6741443,139.5554539,['堂山児童遊園'],"['公園・児童遊園', '児童遊園']"
189,10697117906,35.6651641,139.5432499,['御塔坂児童遊園'],"['公園・児童遊園', '児童遊園']"
190,11192941591,35.6504051,139.5419467,['調布市教育会館'],[]
191,429775751,35.6553335,139.5906774,['若葉町2丁目児童遊園'],"['公園・児童遊園', '児童遊園']"
192,9558845297,35.6531543,139.528315,['若宮自然広場'],['広場']
193,8176349742,35.6608522,139.5861897,"['調布市立仙川南第2自転車駐車場', '東京SPAGHETTI製麺所 仙川パスタ（SENGAWAPASTA）', 'ローカルインディア仙川店', 'SALVATORECUOMO＆BAR仙川（サルヴァトーレクオモ＆バール）', '仙川駅前公園']","['カレー', '公園', 'アジア・エスニック', 'バル', 'イタリアン', '公園・児童遊園', '駐輪場', '飲食店', 'インド料理', 'パスタ', 'ピザ']"
194,448100718,35.6634267,139.5469942,['深大寺元町ちとせ保育園'],['保育園']
195,639007210,35.6771259,139.5505509,['深大寺保育園'],['保育園']
196,7874803444,35.6711254,139.5494625,"['都立神代植物公園', '神代グリーンサロン', '都立神代植物公園梅まつり', '都立神代植物公園周辺', '神代植物公園']","['公園', 'イベント', '祭り', '公園・児童遊園', '観光', 'カフェ', '花見', '飲食店', '遊ぶ', '植物園']"
197,9161934392,35.6618901,139.5323035,['西町公園'],"['公園・児童遊園', '公園']"
198,1956839188,35.6806029,139.54943,['都立調布北高等学校'],['高等学校']
199,299421000,35.6517733,139.5544284,['上ケ給第2児童遊園'],"['公園・児童遊園', '児童遊園']"
200,7308755477,35.6508391,139.5435941,"['aona', 'サイゼリヤ調布駅前店（Saizeriya）', 'ドトールコーヒーショップ調布南口店（DOUTORCOFFEESHOP）', 'ポケット広場', '大阪王将調布店']","['イタリアン', 'カフェ', '飲食店', '食堂', 'パスタ', '広場', 'ファミレス', '餃子']"
201,2592927815,35.6548304,139.5278353,['第三小学校'],['小学校']
202,6516190831,35.6593765,139.5745157,['調布市立つつじケ丘北自転車駐車場'],['駐輪場']
203,2643256767,35.6761685,139.5584902,['しいの木公園'],"['公園・児童遊園', '公園']"
204,9733994973,35.6817915,139.5586996,['ふじみ交流プラザ'],[]
205,5601410128,35.651982,139.5432432,['グリーンホール'],[]
206,1618953166,35.6438182,139.5483627,['(休館中)郷土博物館分室'],[]
207,5118739880,35.6552144,139.5442171,['第一小学校学童クラブ'],"['学童クラブ', '小学校']"
208,2664853547,35.6538542,139.5871739,"['希望の家分場', '入間地域福祉センター']",['福祉センター']
209,1656997615,35.6601628,139.5468586,['調布ケ丘3丁目公園'],"['公園・児童遊園', '公園']"
210,1757441209,35.6797204,139.5567509,['深大寺北児童遊園'],"['公園・児童遊園', '児童遊園']"
211,1678297683,35.6467313,139.5359903,"['ふじみだい学童クラブ', '郷土博物館', '調布市郷土博物館']","['博物館', '美術館', '学童クラブ', '観光', '遊ぶ']"
212,298967589,35.6423875,139.5604609,['染地小学校'],['小学校']
213,2078704068,35.66172,139.5346353,['ゆずのき学童クラブ'],['学童クラブ']
214,9974403559,35.6452802,139.5373339,"['多摩川児童館', '調布市立京王多摩川自転車等駐車場']",['駐輪場']
215,1728581462,35.6487624,139.5601588,"['駿河台大学第一幼稚園', '国領町3丁目公園']","['幼稚園', '公園・児童遊園', '公園']"
216,6033145205,35.6483063,139.5898933,['さくらセントラルガーデン'],[]
217,5360310848,35.6800911,139.5477705,['ふるさと遊園'],[]
218,296848858,35.6483667,139.5680948,['国領8丁目児童遊園'],"['公園・児童遊園', '児童遊園']"
219,6992435752,35.6528701,139.5835084,['若葉町3丁目児童遊園'],"['公園・児童遊園', '児童遊園']"
220,8786142013,35.6812265,139.5598744,['ふじみ衛生組合'],[]
221,7274607277,35.6617088,139.58634,"['調布市立仙川南自転車駐車場', '調布仙川郵便局', '仙川ふれあいの家']","['郵便局', '駐輪場']"
222,675603693,35.6636492,139.5639015,['上ノ原小学校'],['小学校']
223,6525493383,35.6535161,139.5430807,['調布駅北第2自転車駐車場'],['駐輪場']
224,5099765545,35.6586072,139.5522541,['記念の森児童遊園'],"['公園・児童遊園', '児童遊園']"
225,1656988648,35.6602005,139.5415558,"['サレジオ神学院', '富士見町3丁目児童遊園']","['教会', '児童遊園', '観光', '寺', '公園・児童遊園', '遊ぶ', '神社']"
226,1138638611,35.6500293,139.547628,"['第5消防分団', 'パイオニアキッズちょうふ園']",[]
227,286839220,35.6599054,139.5322373,"['青少年ステーションCAPS', '子供の家こすずめ保育園分園']",['保育園']
228,2256783739,35.6628285,139.5717361,['つつじケ丘西公園'],"['公園・児童遊園', '公園']"
229,1441130000,35.6594796,139.5308062,"['高速第2（第7）児童遊園', 'クリスマス亭（CHRISTMAS亭クリスマステイ）']","['飲食店', 'ハンバーグ', '児童遊園', '洋食', '公園・児童遊園']"
230,2551899748,35.6657225,139.5343297,['調布中学校'],['中学校']
231,2643004921,35.6477371,139.5507266,['調布国領五郵便局'],['郵便局']
232,306971613,35.6455337,139.5615113,"['日本酒のまっさん', '調布消防署国領出張所']","['海鮮', '居酒屋', '飲食店', '日本酒バー']"
233,301765662,35.6489346,139.5633891,['国領小学校'],['小学校']
234,6512613284,35.6529577,139.5532615,['国領町1丁目公園'],"['公園・児童遊園', '公園']"
235,300195312,35.6521745,139.5712969,['おおまち第1・第2学童クラブ'],['学童クラブ']
236,1618953513,35.6474145,139.5397913,['調布台タブノキ公園'],"['公園・児童遊園', '公園']"
237,296769417,35.6506725,139.5789273,['金子地域福祉センター'],['福祉センター']
238,3149845667,35.6544948,139.5838981,['若葉分館'],[]
239,3146710840,35.6556708,139.5461394,['調布エンジェル保育園'],['保育園']
240,1314172079,35.6671523,139.5863128,['緑ケ丘分館'],[]
241,3149056209,35.6550328,139.5234807,['飛田給小学校'],['小学校']
242,299421017,35.6524137,139.5551678,['上ケ給第1児童遊園'],"['公園・児童遊園', '児童遊園']"
243,6897067124,35.6799375,139.5524392,['くぬぎ林仲よし広場'],['広場']
244,1441130010,35.658867,139.5297185,['子供の家こすずめ保育園本園'],['保育園']
245,5302079472,35.6557132,139.5653617,['菊野台1丁目児童遊園'],"['公園・児童遊園', '児童遊園']"
246,3148508644,35.6516525,139.575651,['つつじがおか幼稚園'],['幼稚園']
247,6518005995,35.6525871,139.5584819,"['しゃぶしゃぶ・日本料理木曽路調布店（キソジ）', '調布郵便局']","['しゃぶしゃぶ', 'すき焼き', '飲食店', '郵便局', '日本料理']"
248,395046695,35.6538022,139.5458017,['布田1丁目児童遊園'],"['公園・児童遊園', '児童遊園']"
249,1871987968,35.6501726,139.558007,"['国領駅北ふれあいの家', 'モスバーガー国領駅前店（MOSBURGER）', '栄福記', '鯛幸房', 'ガスト国領駅前店']","['担々麺', 'ハンバーガー', '飲食店', 'ラーメン', 'たい焼き・大判焼き', '中華料理', 'ファミレス']"
250,2503495132,35.6580387,139.5367228,['富士見児童館'],[]
251,810024414,35.6579813,139.5795765,['入間川ぶんぶん公園'],"['公園・児童遊園', '公園']"
252,2257249443,35.660076,139.5737492,"['調布市立つつじケ丘北第2自転車駐車場', '金龍寺']","['教会', '寺', '観光', '遊ぶ', '神社', '駐輪場']"
253,677535505,35.6624467,139.5538536,['やまびこ仲よし広場'],['広場']
254,3148934793,35.6507765,139.5573727,['調布市産業労働支援センター'],[]
255,6846401613,35.6533427,139.5483157,['下布田ふれあいの家'],[]
256,1915305984,35.6519135,139.5558184,['国領町1丁目児童遊園'],"['公園・児童遊園', '児童遊園']"
257,4719994171,35.6494796,139.5582299,"['中華そば美芳（ミヨシ）', 'マクドナルド国領マルエツ店', '焼肉牛星国領店', '水仙', '調布市子ども家庭支援センターすこやか', 'cafeだん']","['ハンバーガー', '喫茶店', '飲食店', 'ラーメン', '焼肉', '中華料理', '食堂']"
258,3145502249,35.6406526,139.5596292,['調布染地郵便局'],['郵便局']
259,2084551836,35.6610136,139.567303,['柴崎2丁目第2公園'],"['公園・児童遊園', '公園']"
260,298967590,35.6422417,139.5611513,['染地小学校学童クラブ'],"['学童クラブ', '小学校']"
261,298967595,35.6434148,139.5615027,['国領町7丁目児童遊園'],"['公園・児童遊園', '児童遊園']"
262,10675769358,35.6536805,139.5366354,['ターザン児童遊園'],"['公園・児童遊園', '児童遊園']"
263,1314217338,35.6573409,139.5838546,['桐朋幼稚園'],['幼稚園']
264,1618953533,35.6477924,139.5396778,['調布台児童遊園'],"['公園・児童遊園', '児童遊園']"
265,2511023325,35.674557,139.5445713,['植物公園前駐在所'],"['公園・児童遊園', '公園']"
266,8421962777,35.6393177,139.5548795,['染地2丁目第2公園'],"['公園・児童遊園', '公園']"
267,2503495121,35.6631495,139.5390432,['どんぐり林公園'],"['公園・児童遊園', '公園']"
268,3149057740,35.6612571,139.5488333,['又住橋公園'],"['公園・児童遊園', '公園']"
269,7593845242,35.6677565,139.5246072,"['調布市立特別養護老人ホームちょうふの里', '地域包括支援センターちょうふの里']",['特別養護老人ホーム']
270,2551993493,35.6633349,139.5805269,['せんがわ学童クラブ'],['学童クラブ']
271,6124846713,35.6773146,139.523024,"['アメリカンスクールインジャパン', '調布市クリーンセンター']",[]
272,567901650,35.6781257,139.5533943,"['北部ゲートボール場', '深大寺テニスコート']","['ゲートボール場', 'テニスコート']"
273,1679197529,35.6758383,139.552475,"['北ノ台小学校', '北ノ台小学校学童クラブ']","['学童クラブ', '小学校']"
274,1826456839,35.6472048,139.5606851,['くすのき第3児童遊園'],"['公園・児童遊園', '児童遊園']"
275,2257249439,35.6597051,139.5734944,['金子児童遊園'],"['公園・児童遊園', '児童遊園']"
276,706052777,35.668361,139.5244807,['知的障害者援護施設なごみ・そよかぜ・すまいる'],[]
277,2668052235,35.6623311,139.5701204,['神代ふれあい公園'],"['公園・児童遊園', '公園']"
278,1733626015,35.65603,139.5772547,['調布市立つつじケ丘南自転車駐車場'],['駐輪場']
279,1337001331,35.6561289,139.5442476,['電気通信大学'],['大学']
280,1780589316,35.6556627,139.5832022,['若葉小学校'],['小学校']
281,2088029693,35.6561203,139.555647,['佐須町3丁目公園'],"['公園・児童遊園', '公園']"
282,2643004939,35.6556259,139.5519563,['調布八雲台郵便局'],['郵便局']
283,2078550084,35.6621175,139.5580097,['深大寺自然広場'],['広場']
284,9924439602,35.6578305,139.5310049,['調布上石原郵便局'],['郵便局']
285,2503495185,35.6601373,139.5327496,['西調布駅北自転車等駐車場'],['駐輪場']
286,1493777028,35.6561848,139.5462772,['上布田保育園'],['保育園']
287,1787435551,35.6510453,139.5243226,"['宮の下分館', '宮の下保育園']",['保育園']
288,9320819659,35.6523145,139.5467383,"[""ワイン&魚イタリアンバーリーズ（Barry's）"", '鈴木（すずき）', 'KNベルーガ園', 'ショットバー桂（かつら）']","['ピザ', '飲食店', 'イタリアン', 'パスタ', 'うなぎ', 'バー']"
289,639009037,35.6770307,139.5513402,['はなばたけ第1・第2学童クラブ'],['学童クラブ']
290,6516151340,35.6597594,139.5758633,['地域包括支援センターつつじケ丘'],[]
291,6519028710,35.6512885,139.5511405,"['常性寺', '調布不動尊']","['教会', '寺', '観光', '遊ぶ', '神社']"
292,11192941608,35.6514517,139.5423498,"['総合福祉センター', '調布市社会福祉協議会']",['福祉センター']
293,675603687,35.6612476,139.563181,"['宮の上児童遊園', '上ノ原公園']","['公園・児童遊園', '児童遊園', '公園']"
294,638992604,35.6728223,139.5559034,['深大寺児童館'],[]
295,1787435520,35.6501449,139.5236034,['二本松北公園'],"['公園・児童遊園', '公園']"
296,10572717440,35.6554655,139.5334212,['家庭福祉員「きださんち」'],[]
297,567901143,35.6789947,139.5523785,['北町公園'],"['公園・児童遊園', '公園']"
298,307371953,35.644926,139.5648836,['東京慈恵会医科大学'],['大学']
299,1731290730,35.6482126,139.5614156,['調布くすのき郵便局'],['郵便局']
300,1656988628,35.6597185,139.5412879,['希望の家'],[]
301,6516166787,35.6617933,139.5801097,['仙桜公園'],"['公園・児童遊園', '公園']"
302,1757441218,35.680492,139.5560907,['とりで公園'],"['公園・児童遊園', '公園']"
303,873815527,35.6474848,139.5883433,['入間公園'],"['公園・児童遊園', '公園']"
304,6516338461,35.658092,139.5709928,"['つつじヶ丘児童館', '神代出張所']",[]
305,3148508643,35.6516303,139.5745301,['調和小学校屋内プール'],['小学校']
306,1973352057,35.647039,139.5614422,['国領町3丁目第2公園'],"['公園・児童遊園', '公園']"
307,295884556,35.6535718,139.5669211,['柴崎駅前郵便局'],['郵便局']
308,1618952952,35.6423058,139.5542374,['杉森小学校'],['小学校']
309,10857523483,35.6497121,139.5571576,"['調布市立国領西自転車等駐車場', 'ぽけっとランド国領']",['駐輪場']
310,790001885,35.6762861,139.5591193,['野ケ谷ふれあいの家'],[]
311,2578819266,35.6555955,139.5530392,['わかくさ仲よし広場'],['広場']
312,5009348152,35.657213,139.5272469,['上石原保育園'],['保育園']
313,1396169708,35.6607199,139.5831684,['仙川仲よし公園'],"['公園・児童遊園', '公園']"
314,384058993,35.656685,139.5809055,['実篤記念館'],[]
315,297173988,35.6481364,139.5332909,['ヒューマンアカデミー調布多摩川保育園'],['保育園']
316,3148871869,35.6589405,139.5480367,['又住児童遊園'],"['公園・児童遊園', '児童遊園']"
317,7274607088,35.6591521,139.5856853,['桐朋女子中学校'],['中学校']
318,1787435562,35.6514917,139.5267418,"['いそじろう公園', '多摩川かつら公園']","['公園・児童遊園', '公園']"
319,1754956067,35.661635,139.5718269,['ポピンズナーサリースクール調布'],[]
320,1489609349,35.6504125,139.5412062,"['調布市役所', '調布七福神めぐり']","['教会', 'イベント', '寺', '祭り', '観光', '遊ぶ', '神社']"
321,1749420797,35.6487725,139.5438739,['布田4丁目児童遊園'],"['公園・児童遊園', '児童遊園']"
322,9404520861,35.6563658,139.5720837,['リトルキッズスター（分園）'],[]
323,1618953457,35.6467669,139.5437972,['グローバルキッズ調布園'],[]
324,1035500486,35.6573702,139.5814858,['実篤公園'],"['公園・児童遊園', '公園']"
325,8570791791,35.6517713,139.5442671,['調布駅前交番'],['交番']
326,3148791301,35.6432567,139.5527551,['染地2丁目児童遊園'],"['公園・児童遊園', '児童遊園']"
327,5710878862,35.6595917,139.5252895,['調布飛田給郵便局'],['郵便局']
328,6117759534,35.6553888,139.5514901,['はづき学童クラブ'],['学童クラブ']
329,307350662,35.6544432,139.5680153,"['クレソン（CRESSON）', '大町本村公園']","['公園', '公園・児童遊園', 'カフェ', 'スイーツ', '飲食店', 'パスタ']"
330,1852682762,35.6558036,139.5252597,"['西部地域福祉センター', '市民活動支援センター西部コーナー']",['福祉センター']
331,8421975562,35.6396744,139.5555517,['染地公園'],"['公園・児童遊園', '公園']"
332,3148791286,35.6407906,139.5533073,['染地児童遊園'],"['公園・児童遊園', '児童遊園']"
333,297244407,35.6430217,139.5302914,"['多摩川児童公園', '多摩川児童公園内運動施設']","['公園・児童遊園', '公園']"
334,2831279372,35.6779254,139.5466273,['山野公園'],"['公園・児童遊園', '公園']"
335,298967542,35.6412226,139.5595881,['染地ゲートボール場'],['ゲートボール場']
336,638960973,35.6645007,139.5842975,"['Bakeryコムギノホシ仙川店', '東部ふれあいの家', '第13消防分団']","['飲食店', 'パン', 'カフェ']"
337,2643049113,35.6695648,139.5840221,"['緑ケ丘地域福祉センター', '市民活動支援センター緑ケ丘コーナー']",['福祉センター']
338,9558845301,35.6518927,139.5257524,['第五中学校'],['中学校']
339,1915305996,35.6513095,139.5564053,['北浦児童遊園'],"['公園・児童遊園', '児童遊園']"
340,6244883640,35.6489871,139.5573262,['国領町4丁目児童遊園'],"['公園・児童遊園', '児童遊園']"
341,2503421268,35.6574519,139.5271293,['西調布体育館'],[]
342,9161984697,35.663912,139.5256982,['味の素スタジアム'],[]
343,433785139,35.647191,139.5560193,"['第7消防分団', '第二小学校学童クラブ']","['学童クラブ', '小学校']"
344,6273451390,35.6617528,139.5381799,['富士見町ゲートボール場'],['ゲートボール場']
345,3180249859,35.6621256,139.5398799,"['調布学園', 'MAYBU（メイブゥ）']","['飲食店', 'パン']"
346,9894833276,35.6534306,139.5266831,"['城山保育園上石原', '凸凹山児童公園']","['公園・児童遊園', '保育園', '公園']"
347,298356514,35.6478918,139.5619569,"['くすのき第2児童遊園', '国領児童館']","['公園・児童遊園', '児童遊園']"
348,6518003077,35.6530097,139.5617932,['調布警察署'],[]
349,294707348,35.6511697,139.5705347,['菊野台きりかぶ公園'],"['公園・児童遊園', '公園']"
350,6938429861,35.6731337,139.5449984,['第15消防分団'],[]
351,906850548,35.6459647,139.5613665,['調布市市民サービス公社'],[]
352,1852677178,35.6556488,139.5208533,['高速第4児童遊園'],"['公園・児童遊園', '児童遊園']"
353,1728581468,35.649332,139.560384,"['くすのき第1児童遊園', '二葉くすのき保育園']","['公園・児童遊園', '保育園', '児童遊園']"
354,339957676,35.6556276,139.5300646,['調布市立西調布南第1自転車等駐車場'],['駐輪場']
355,1615663878,35.6436019,139.53562,['京王多摩川駅前交番'],['交番']
356,1973774221,35.6379609,139.5530406,['多摩川市民広場'],['広場']
357,2551992773,35.6615207,139.5881922,['仙川かおる幼稚園'],['幼稚園']
358,3148791304,35.6436062,139.5530841,['杉森西公園'],"['公園・児童遊園', '公園']"
359,567915782,35.6683093,139.5615975,['深大寺東仲よし広場'],['広場']
360,1915345229,35.6486892,139.551715,['布田南ふれあい公園'],"['公園・児童遊園', '公園']"
361,6273481359,35.6585832,139.5303587,"['上石原交番', '第2消防分団']",['交番']
362,1665566567,35.6448272,139.5374305,"['田麦山（タムギヤマ）', '京王多摩川さくら広場', 'シウナススイーツ']","['飲食店', 'ドーナツ', '広場', 'そば']"
363,8527358892,35.6604325,139.5233373,['飛田給駅前交番'],['交番']
364,339957656,35.6666956,139.525127,['調布基地跡地運動広場'],['広場']
365,10692613469,35.6500311,139.5390713,['レイモンド調布保育園'],['保育園']
366,2084551783,35.6613867,139.5695749,['西つつじケ丘仲よし公園'],"['公園・児童遊園', '公園']"
367,6117759519,35.6548592,139.551018,['調布ケ丘児童館'],[]
368,2505471901,35.6628426,139.5652191,['宮の前児童遊園'],"['公園・児童遊園', '児童遊園']"
369,300195353,35.6555072,139.5727383,"['リトルキッズスター（本園）', 'つつじケ丘自転車等保管所']",[]
370,2087906911,35.6541087,139.5824883,"['第四中学校', '市立第四中・若葉小学校周辺']","['中学校', '小学校']"
371,1715830064,35.6584909,139.5693957,['西つつじケ丘1丁目児童遊園'],"['公園・児童遊園', '児童遊園']"
372,1250390920,35.6703819,139.5842103,['みどりきた児童遊園'],"['公園・児童遊園', '児童遊園']"
373,6101931762,35.6498834,139.5250481,"['地域包括支援センターちょうふの里サブセンター', '多摩川2丁目公園']","['公園・児童遊園', '公園']"
374,5346220815,35.6628133,139.5417865,['こぐま公園'],"['公園・児童遊園', '公園']"
375,618812441,35.6566131,139.5716865,['つつじケ丘駅西第1自転車等駐車場'],['駐輪場']
376,7158572155,35.6510599,139.5860498,['第12消防分団'],[]
377,639002625,35.6744542,139.5517011,['深大寺地域福祉センター'],['福祉センター']
378,1865418735,35.6434918,139.5540199,['杉森児童遊園'],"['公園・児童遊園', '児童遊園']"
379,295622767,35.6539194,139.5680099,['パイオニアキッズ柴崎園'],[]
380,1915275724,35.6593992,139.5582834,['佐須公園'],"['公園・児童遊園', '公園']"
381,1915345235,35.6497281,139.5527572,['調布市立布田東路上自転車等駐車場'],['駐輪場']
382,448100581,35.6634782,139.5483384,['南深大寺児童遊園'],"['公園・児童遊園', '児童遊園']"
383,5106445106,35.6515838,139.5449137,['調布市立調布南第2自転車駐車場'],['駐輪場']
384,433785167,35.6463426,139.5560452,['第二小学校'],['小学校']
385,1714567538,35.651785,139.5739583,['調和分館'],[]
386,1480433164,35.6661292,139.55777,['絵堂第1仲よし広場'],['広場']
387,1441130103,35.6562454,139.5299963,['調布市立西調布南第2自転車駐車場'],['駐輪場']
388,2551992603,35.6613411,139.585075,['アートチャイルドケア仙川'],[]
389,2503421230,35.6506408,139.5232032,['上石原3丁目公園'],"['公園・児童遊園', '公園']"
390,307350650,35.6544949,139.5606741,['第七中学校'],['中学校']
391,1608092375,35.643995,139.5551836,['調布若竹幼稚園'],['幼稚園']
392,5302079434,35.672806,139.5523671,"['総合体育館', '体育協会']",[]
393,6273451392,35.661633,139.5377465,['こんぺいとう保育園'],['保育園']
394,4566595955,35.6440476,139.5594178,['国領7丁目第2児童遊園'],"['公園・児童遊園', '児童遊園']"
395,7037659831,35.65446,139.5421934,"['調布そらいろ保育園', 'ワダチ']","['鉄板焼き', '創作料理', '飲食店', '居酒屋', '保育園']"
396,3149435634,35.6581701,139.5743304,"['ポピンズナーサリースクール京王つつじケ丘', '日高屋つつじケ丘店（ヒダカヤ）', '元氣七輪焼肉牛繁つつじケ丘店']","['ホルモン', '韓国料理', '飲食店', 'ラーメン', '中華料理', '焼肉', '食堂']"
397,294695083,35.650639,139.5732797,"['調和小学校学童クラブ', '市立調和小学校周辺']","['学童クラブ', '小学校']"
398,5780812912,35.6623475,139.5372384,"['利再来留館', '富士見町ふれあいの家']",[]
399,4514787445,35.6689813,139.584026,"['セリス仙川仲よし広場', '緑ケ丘児童館']",['広場']
400,1956838964,35.6783637,139.5500945,['深大寺分館'],[]
401,5444747125,35.6609793,139.5258862,['青少年交流館'],[]
402,1396169665,35.659976,139.5842899,['桐朋女子高等学校'],['高等学校']
403,1827401824,35.6504376,139.5398227,['（仮称）鉄道敷地公園（相模原線）'],"['公園・児童遊園', '公園']"
404,10991741740,35.6511546,139.5466353,['調布市立調布東第1路上自転車等駐車場'],['駐輪場']
405,5096677359,35.6581502,139.5313621,"['ヒューマンアカデミー西調布保育園', 'とんかつひで']","['飲食店', 'とんかつ', '保育園']"
406,4965120623,35.6460548,139.5385706,"['はけ上公園', 'みずべの保育園']","['公園・児童遊園', '保育園', '公園']"
407,5415729427,35.6449048,139.5589646,['ココファン・ナーサリー国領'],[]
408,3148790922,35.6375134,139.5575726,['調布市染地ふれあいの家'],[]
409,6517942654,35.6544611,139.5642229,['地域包括支援センター至誠しばさき'],[]
410,567906948,35.6767638,139.5543683,['うぃず調布深大寺保育園'],['保育園']
411,1138638477,35.6399647,139.5550937,['染地2丁目第3公園'],"['公園・児童遊園', '公園']"
412,1787435534,35.6505431,139.52743,['調布なないろ保育園'],['保育園']
413,6559323435,35.6525661,139.5524616,['国領第1仲よし広場'],['広場']
414,1754778563,35.6626039,139.5255785,['萩原児童遊園'],"['公園・児童遊園', '児童遊園']"
415,1618952871,35.6416065,139.5423307,['多摩川7丁目公園'],"['公園・児童遊園', '公園']"
416,1787435994,35.6558396,139.526345,['かみいしわら第1・第2学童クラブ'],['学童クラブ']
417,2643378436,35.654521,139.5432716,"['調布駅前郵便局', '第4消防分団']",['郵便局']
418,810036919,35.6556278,139.5736026,['金子保育園'],['保育園']
419,638990473,35.6704523,139.5583085,['深大寺東町ちとせ保育園'],['保育園']
420,299420930,35.6542492,139.5531965,['地域包括支援センターゆうあいサブセンター'],[]
421,287792173,35.6486088,139.5661626,['国領調布岡公園'],"['公園・児童遊園', '公園']"
422,6505526374,35.6536805,139.5373544,['下石原第1仲よし広場'],['広場']
423,1973774257,35.639522,139.5483332,['市民野球場'],['野球場']
424,3148508639,35.6513417,139.5745344,['調和小学校'],['小学校']
425,567908337,35.6747686,139.5555668,['みなみだい公園'],"['公園・児童遊園', '公園']"
426,485235814,35.6699505,139.5811655,['白百合女子大学'],['大学']
427,1714355706,35.6547026,139.5792057,['東つつじケ丘第1仲よし広場'],['広場']
428,1618953459,35.6467655,139.5489861,['エンゼルケアルーム'],[]
429,810026615,35.6577529,139.5783988,['調布白菊幼稚園'],['幼稚園']
430,1715696029,35.6573294,139.5646065,['柴崎1丁目第2児童遊園'],"['公園・児童遊園', '児童遊園']"
431,568051858,35.6604664,139.5697374,['神代分館'],[]
432,2578819201,35.6560624,139.5534069,['八雲台保育園'],['保育園']
433,315441356,35.663237,139.562442,['調布城山保育園'],['保育園']
434,5118615356,35.6552762,139.5373834,"['しきの森保育園', '第3消防分団']",['保育園']
435,298967496,35.6417714,139.5574487,"['調布多摩川幼稚園', '第三中学校']","['幼稚園', '中学校']"
436,295630300,35.6510293,139.5662637,['菊野台2丁目公園'],"['公園・児童遊園', '公園']"
437,1404189428,35.654241,139.5837528,['あおば学童クラブ'],['学童クラブ']
438,6516146498,35.6626485,139.5822544,['ぽけっとランド仙川'],[]
439,2503491084,35.6529818,139.5498787,['もみじ児童遊園'],"['公園・児童遊園', '児童遊園']"
440,440148713,35.6545186,139.5702257,['菊野台3丁目公園'],"['公園・児童遊園', '公園']"
441,1618953264,35.6448438,139.540918,['調布市シルバー人材センター'],[]
442,2643378467,35.6516976,139.5457289,['ちょうふのぞみ保育園'],['保育園']
443,1678257594,35.6473508,139.5323985,['多摩川小学校'],['小学校']
444,9974403572,35.6457765,139.536226,['京王キッズプラッツ多摩川'],[]
445,2643006187,35.6532753,139.5486382,['下布田公園'],"['公園・児童遊園', '公園']"
446,5362951470,35.6730602,139.5617805,['消防大学校'],[]
447,1138638571,35.6411343,139.5518583,['染地2丁目第2児童遊園'],"['公園・児童遊園', '児童遊園']"
448,6959920159,35.6502172,139.5873002,['ドルトン東京学園中等部・高等部'],[]
449,2641854645,35.6774098,139.5243049,"['パークス野川（【旧店名】野川公園売店）', '撥雲館', '近藤勇生家跡']","['史跡', '名所', '観光', '焼きそば', 'レストラン', '飲食店', 'おにぎり', '遊ぶ']"
450,1656988640,35.6599516,139.5432363,['サレジオ児童遊園'],"['公園・児童遊園', '児童遊園']"
451,6117614339,35.6650407,139.5529191,['ぽけっとランド深大寺保育園'],['保育園']
452,1616686975,35.6474954,139.5571961,['国領第二ふれあいの家'],[]
453,3148508653,35.6524272,139.5763796,['調布金子郵便局'],['郵便局']
454,4965120630,35.6503571,139.5374935,['富士見台公園'],"['公園・児童遊園', '公園']"
455,905105787,35.6466723,139.5339022,['恐竜児童遊園'],"['公園・児童遊園', '児童遊園']"
456,10857764139,35.6457357,139.5598428,['国領南児童遊園'],"['公園・児童遊園', '児童遊園']"
457,1314172858,35.6686862,139.5844973,['緑ケ丘第3仲よし広場'],['広場']
458,556173754,35.6697546,139.5447795,['神明児童遊園'],"['公園・児童遊園', '児童遊園']"
459,1314217358,35.6561799,139.5885413,['地域包括支援センター仙川'],[]
460,325809817,35.6542065,139.5557156,['八雲台ふれあいの家'],[]
461,1678448256,35.6473257,139.5491267,['布田3丁目児童遊園'],"['公園・児童遊園', '児童遊園']"
462,1656988627,35.6597193,139.5396087,['富士見仲よし公園'],"['公園・児童遊園', '公園']"
463,3149134662,35.6568865,139.5342788,['下石原1丁目児童遊園'],"['公園・児童遊園', '児童遊園']"
464,297687119,35.6516475,139.5709666,['大町児童遊園'],"['公園・児童遊園', '児童遊園']"
465,2505471912,35.6659854,139.5800867,['くぬぎ児童遊園'],"['公園・児童遊園', '児童遊園']"
466,384346935,35.6574582,139.5656631,['市民活動支援センター菊野台コーナー'],[]
467,7158572184,35.6513507,139.5872617,['NTT中央研修センタ'],[]
468,1518948319,35.6573891,139.5298659,['調布市立西調布北第1自転車駐車場'],['駐輪場']
469,304161284,35.6569284,139.5726783,['調布市立つつじケ丘西第2自転車駐車場'],['駐輪場']
470,1656988594,35.6580909,139.5395897,['富士見分館'],[]
471,433575965,35.6540699,139.554139,['八雲苑仲よし広場'],['広場']
472,295369206,35.6546649,139.567392,"['調布市立柴崎東自転車駐車場', '手紙舎セカンドストーリー（テガミシャ2ndSTORY）', 'らーめんHAGGY（ハギー）', '朝寿し柴崎']","['つけ麺', 'ラーメン', '飲食店', '寿司', 'カフェ', '駐輪場']"
473,7101229146,35.6657627,139.5529441,['深大寺交番'],['交番']
474,661056773,35.6504901,139.5614654,['第六中学校'],['中学校']
475,731790300,35.6589282,139.5702035,['調布西つつじケ丘郵便局'],['郵便局']
476,1955852710,35.6621937,139.5811726,['ゆらりん仙川保育園'],['保育園']
477,2651415257,35.6614198,139.5511995,['第9消防分団'],[]
478,2503495115,35.6608326,139.5373177,['富士見市住児童遊園'],"['公園・児童遊園', '児童遊園']"
479,2643004915,35.6543221,139.5528225,['八雲台市住児童遊園'],"['公園・児童遊園', '児童遊園']"
480,1168046963,35.6417223,139.5356566,['第8消防分団'],[]
481,297249506,35.6458331,139.5303086,['多摩川3丁目第2児童遊園'],"['公園・児童遊園', '児童遊園']"
482,2664592146,35.6488259,139.584365,['入間いちょう公園'],"['公園・児童遊園', '公園']"
483,10178366416,35.6512984,139.5389338,['皐月保育園'],['保育園']
484,1780419796,35.6596291,139.5766603,['滝坂小学校'],['小学校']
485,1757309650,35.6751371,139.5583051,['市民活動支援センター野ヶ谷の郷'],[]
486,1799477034,35.6585271,139.5645841,['柴崎1丁目児童遊園'],"['公園・児童遊園', '児童遊園']"
487,1656988647,35.6601691,139.5385073,['石原小学校'],['小学校']
488,8626106752,35.6592903,139.5410405,['富士見公園'],"['公園・児童遊園', '公園']"
489,393810155,35.6603553,139.5781033,['滝坂下仲よし広場'],['広場']
490,11192844418,35.6491865,139.5415686,['調布市役所前郵便局'],['郵便局']
491,6518006058,35.6540973,139.563564,['第10消防分団'],[]
492,1618953486,35.6469574,139.5470854,['エンゼルランド'],[]
493,1973339692,35.6501578,139.5614496,['財団法人調布ゆうあい福祉公社'],[]
494,11076566016,35.6435727,139.545924,"['布田小学校', '布田小学校学童クラブ']","['学童クラブ', '小学校']"
495,790001892,35.6736381,139.5601509,['野ケ谷公園'],"['公園・児童遊園', '公園']"
496,1777432588,35.6605965,139.5234209,['調布市立飛田給北自転車駐車場'],['駐輪場']
497,307350693,35.6564331,139.5576426,['佐須親水公園'],"['公園・児童遊園', '公園']"
498,7235118854,35.6494363,139.587195,['おおたかの空保育園'],['保育園']
499,295063597,35.6514673,139.5643823,['車橋児童遊園'],"['公園・児童遊園', '児童遊園']"
500,2288726959,35.6665809,139.5459704,['調布星美幼稚園'],['幼稚園']
501,5106445078,35.6494365,139.5425883,['ひまわり保育園'],['保育園']
502,8724339654,35.6486954,139.5427537,['布田4丁目第2児童遊園'],"['公園・児童遊園', '児童遊園']"
503,3148791302,35.6432914,139.5517195,['染地仲よし公園'],"['公園・児童遊園', '公園']"
504,4512385874,35.6541884,139.5922537,['入間町1丁目第2公園'],"['公園・児童遊園', '公園']"
505,1618953380,35.6461066,139.5478301,['布田六まんなか公園'],"['公園・児童遊園', '公園']"
506,2088023475,35.6376232,139.5556812,['みなみの公園'],"['公園・児童遊園', '公園']"
507,1168046957,35.6414106,139.5371885,['多摩川河川敷（第2区）周辺（多摩川原橋～二ケ領堰）'],[]
508,1678297621,35.646722,139.5374725,['双葉保育園'],['保育園']
509,6375561367,35.6554351,139.5436686,['第一小学校'],['小学校']
510,1314171254,35.669908,139.5858139,['調布緑ケ丘郵便局'],['郵便局']
511,1656988636,35.6599881,139.5407343,['富士見町2丁目児童遊園'],"['公園・児童遊園', '児童遊園']"
512,6516146500,35.6625349,139.5823784,['パイオニアキッズ第2仙川園'],[]
513,5362951321,35.6674892,139.5479663,"['深大寺水車館', '曼珠苑']","['喫茶店', '飲食店', 'カフェ']"
514,2643049099,35.6706174,139.5798776,['緑ケ丘1丁目児童遊園'],"['公園・児童遊園', '児童遊園']"
515,305546013,35.6556212,139.5695516,['西つつじケ丘児童遊園'],"['公園・児童遊園', '児童遊園']"
516,8808038649,35.6507002,139.5730432,['菊野台シラカシ公園'],"['公園・児童遊園', '公園']"
517,1754778592,35.664206,139.5218394,['飛田給1丁目公園'],"['公園・児童遊園', '公園']"
518,11166643287,35.6473615,139.5603691,['国領児童遊園'],"['公園・児童遊園', '児童遊園']"
519,2551899750,35.66609,139.5332027,['あかしや児童遊園'],"['公園・児童遊園', '児童遊園']"
520,1714356038,35.6559514,139.5755621,"['太陽の子つつじヶ丘保育園', 'バーミヤン調布つつじヶ丘店']","['飲食店', '中華料理', '保育園', 'ファミレス']"
521,384079408,35.648736,139.5838696,['かすみね公園'],"['公園・児童遊園', '公園']"
522,2597824716,35.6561795,139.5620459,['光照寺仲よし広場'],['広場']
523,11192941629,35.6511819,139.5422727,['市民活動支援センター小島町コーナー'],[]
524,4962971690,35.6661458,139.5228813,"['武蔵野の森 総合スポーツプラザ', 'プロペラ・カフェ', '東京五輪マラソン折返点記念碑', '子ども発達センター']","['史跡', '名所', '観光', 'カフェ', 'ハンバーガー', '飲食店', '洋食', '遊ぶ']"
525,1802540000,35.6469831,139.5619296,['国領ふれあいの家'],[]
526,1678448543,35.6482305,139.5445723,['小学館アカデミーちょうふ保育園'],['保育園']
527,2511023305,35.6791216,139.5431524,['はなさき公園'],"['公園・児童遊園', '公園']"
528,2503491106,35.6572011,139.5518865,['オリンピア保育園'],['保育園']
529,706052910,35.6687307,139.5278381,['調布基地跡地運動広場及び大沢総合グラウンド一部'],['広場']
530,1656988664,35.6606491,139.5396151,['石原小前公園'],"['公園・児童遊園', '公園']"
531,1489609350,35.6504259,139.5414131,['調布FM'],[]
532,1852677173,35.655851,139.5227711,['西部ふれあいの家'],[]
533,6516151357,35.6601429,139.5765824,['つつじヶ丘どろんこ保育園'],['保育園']
534,11076566041,35.6480162,139.5333712,['いなり橋児童遊園'],"['公園・児童遊園', '児童遊園']"
535,304161353,35.6560671,139.5732597,['八反田児童遊園'],"['公園・児童遊園', '児童遊園']"
536,9894833265,35.6483504,139.5235991,['二本松南公園'],"['公園・児童遊園', '公園']"
537,10857538711,35.6482963,139.5628147,"['手作り餃子の店吉春', '星月（せいげつ）', 'みゆき保育園']","['うどん', 'かつ丼', '飲食店', '中華料理', '保育園', 'そば', '餃子']"
538,1674454666,35.636932,139.5574441,['調布市多摩川自然情報館'],[]
539,1615663367,35.6443044,139.5447092,['布田6丁目児童遊園'],"['公園・児童遊園', '児童遊園']"
540,8532089656,35.6454835,139.5263414,['多摩川河川敷（第1区）周辺（府中市境界～多摩川原橋）'],[]
541,1715696032,35.6578597,139.5659238,['菊野台地域福祉センター'],['福祉センター']
542,380538526,35.6468195,139.5862345,['川のせせらぎ公園'],"['公園・児童遊園', '公園']"
543,1754956026,35.6632385,139.5719161,['つつじケ丘公園'],"['公園・児童遊園', '公園']"
544,2503495113,35.6626928,139.5390789,['高速第3児童遊園'],"['公園・児童遊園', '児童遊園']"
545,3149163321,35.6508161,139.5322939,['はけ道仲よし広場'],['広場']
546,6856309494,35.6683851,139.560336,['北原公園'],"['公園・児童遊園', '公園']"
547,1618953366,35.6458204,139.5414488,['福祉人材育成センター'],[]
548,1787436037,35.6563883,139.524127,['高速第1児童遊園'],"['公園・児童遊園', '児童遊園']"
549,638229191,35.6606093,139.5718092,['第11消防分団'],[]
550,3149521516,35.6655158,139.5639219,['しばさき公園北第1・第2学童クラブ'],"['学童クラブ', '公園・児童遊園', '公園']"
551,303687604,35.6534469,139.5719819,['パイオニアキッズ菊野台園'],[]
552,1618953248,35.6448111,139.5495789,['Mt.スネーク公園'],"['公園・児童遊園', '公園']"
553,1138638535,35.6402858,139.5523135,['ぬの多公園'],"['公園・児童遊園', '公園']"
554,3277889159,35.6607092,139.5361162,['青葉仲よし広場'],['広場']
555,300195337,35.6552915,139.5716006,['つつじケ丘駅西第3自転車等駐車場'],['駐輪場']
556,2503421274,35.6561938,139.5276278,['上石原ふれあいの家'],[]
557,6516190873,35.6593965,139.5740704,['(休止中)ポピンズルーム調布'],[]
558,8176349734,35.6575391,139.5862746,['都立神代高等学校'],['高等学校']
559,2551992046,35.6602601,139.5887103,['ひなた児童遊園'],"['公園・児童遊園', '児童遊園']"
560,1800679053,35.6666455,139.5531826,['深大寺小学校'],['小学校']
561,2511048076,35.667299,139.5611552,['深大寺東町2丁目児童遊園'],"['公園・児童遊園', '児童遊園']"
562,315441316,35.6591934,139.5559091,['祇園寺児童遊園'],"['公園・児童遊園', '児童遊園']"
563,8637215030,35.6575899,139.5670878,['菊野台かしのみ保育園'],['保育園']
564,2643004940,35.6544361,139.5522704,['八雲台小学校'],['小学校']
565,1314171870,35.6670207,139.5853912,['緑ケ丘保育園'],['保育園']
566,313855226,35.6600032,139.567014,['J:COM 調布'],[]
567,295884576,35.6519242,139.5675334,['菊野台仲よし公園'],"['公園・児童遊園', '公園']"
568,549349788,35.6634878,139.5643643,['調布上ノ原保育園'],['保育園']
569,3146848601,35.6541938,139.5551329,['八雲台公園'],"['公園・児童遊園', '公園']"
570,5185170556,35.6570085,139.5496514,['布田第2公園'],"['公園・児童遊園', '公園']"
571,1799617458,35.6581483,139.5633835,['柴崎オリンパ公園'],"['公園・児童遊園', '公園']"
572,6518006057,35.6537716,139.5629579,['にじいろ保育園柴崎'],['保育園']
573,298967482,35.6422027,139.5558716,['染地児童館'],[]
574,7274607107,35.6617354,139.585334,['仙川交番'],['交番']
575,2261369652,35.6586181,139.5735323,"['札幌味噌麺優（ユウ）', '調布市立つつじケ丘北第4自転車駐車場']","['ラーメン', '飲食店', '駐輪場']"
576,305546018,35.656066,139.5688892,['菊野台1丁目第3公園'],"['公園・児童遊園', '公園']"
577,1138638645,35.6392822,139.5492417,['染地そよかぜ公園'],"['公園・児童遊園', '公園']"
578,1250391039,35.670311,139.584459,"['緑ケ丘小学校', '市立緑ケ丘小学校周辺']",['小学校']
579,1973774214,35.6375207,139.5539955,['多摩川河川敷（第3区）周辺（二ケ領堰～狛江市境界）'],[]
580,1973345123,35.6489646,139.5614538,['地域包括支援センターゆうあい'],[]
581,1787435980,35.6554548,139.5259701,['二葉学園'],[]
582,1404154488,35.6643548,139.5837778,['グラン仙川ちとせ保育園'],['保育園']
583,384069485,35.650379,139.5849473,['陵山公園'],"['公園・児童遊園', '公園']"
584,725876044,35.6562636,139.5628381,['柴崎1丁目第3児童遊園'],"['公園・児童遊園', '児童遊園']"
585,8697303867,35.6456015,139.5392171,['多摩川5丁目児童遊園'],"['公園・児童遊園', '児童遊園']"
586,2503491238,35.6599934,139.5491328,['こはく橋南公園'],"['公園・児童遊園', '公園']"
587,4514787447,35.6693468,139.5834622,['緑ケ丘2丁目公園'],"['公園・児童遊園', '公園']"
588,1138638526,35.6412682,139.5526306,['レオ保育園'],['保育園']
589,3146848596,35.6527833,139.5479647,['下布田保育園'],['保育園']
590,2288726953,35.6746563,139.5428294,['深大寺北町公園'],"['公園・児童遊園', '公園']"
591,8697713298,35.6441028,139.5382468,['調布市立京王多摩川東オートバイ駐車場'],[]
592,549349180,35.6638119,139.5647422,['上ノ原ふれあいの家'],[]
593,2511023242,35.6791717,139.5439195,['美深公園'],"['公園・児童遊園', '公園']"
594,676718755,35.6607025,139.5499978,['佐須児童遊園'],"['公園・児童遊園', '児童遊園']"
595,549344485,35.6641123,139.5642149,['柴崎公園'],"['公園・児童遊園', '公園']"
596,7530935787,35.6574862,139.5281681,['西調布ゲートボール場'],['ゲートボール場']
597,286839581,35.6453062,139.5579815,['家庭福祉員「ぱる」'],[]
598,1656988592,35.65797,139.5388143,['下石原公園'],"['公園・児童遊園', '公園']"
599,3149341727,35.6597913,139.5507244,['調布ケ丘地域福祉センター'],['福祉センター']
600,2088036124,35.668771,139.5890615,['緑ケ丘ゲートボール場'],['ゲートボール場']
601,3149244052,35.6569433,139.548498,['調布ヶ丘ちとせ保育園'],['保育園']
602,3149435459,35.6536285,139.5534254,['特別養護老人ホーム調布八雲苑'],['特別養護老人ホーム']
603,1314217215,35.653971,139.5892539,['入間・原公園'],"['公園・児童遊園', '公園']"
604,6047716969,35.6690798,139.5858743,['緑ケ丘みんなの森'],[]
605,1676219307,35.640804,139.5469284,['市民プール'],[]
606,1248180726,35.6725172,139.5585063,['調布深大寺郵便局'],['郵便局']
607,2664538588,35.6548728,139.5818782,['わかば学童クラブ'],['学童クラブ']
608,1615663383,35.6429162,139.543296,['南ケ丘児童遊園'],"['公園・児童遊園', '児童遊園']"
609,905105776,35.6472108,139.5320982,['多摩川小学校学童クラブ'],"['学童クラブ', '小学校']"
610,3149118139,35.6558528,139.5388562,['あおぞら公園'],"['公園・児童遊園', '公園']"
611,1787435504,35.6495695,139.5285571,['多摩川第1仲よし広場'],['広場']
612,6518214319,35.6503599,139.5565861,['木下の保育園国領'],['保育園']
613,299420941,35.6513933,139.5603756,['京王キッズプラッツ国領'],[]
614,7279033481,35.6493905,139.5563759,['調布クオレ保育園'],['保育園']
615,2592544359,35.6490657,139.5344004,['はけどおり児童遊園'],"['公園・児童遊園', '児童遊園']"
616,3148791268,35.6394954,139.5561049,['染地分館'],[]
617,10852896327,35.6449015,139.5437457,['古天神公園'],"['公園・児童遊園', '公園']"
618,3145633529,35.6446718,139.5423248,['布田老人憩の家'],[]
619,9558845248,35.653878,139.5376366,['鬼太郎ひろば'],[]
620,1787435532,35.6504746,139.5285791,['なないろ第1・第2学童クラブ'],['学童クラブ']
621,1671805537,35.6427597,139.5415906,['多摩川6丁目児童遊園'],"['公園・児童遊園', '児童遊園']"
622,1787435894,35.6547073,139.5213714,['特別養護老人ホーム爽爽荘'],['特別養護老人ホーム']
623,11226543259,35.6797921,139.5471157,['山野市住児童遊園'],"['公園・児童遊園', '児童遊園']"
624,6375403252,35.6576169,139.5428315,['電気通信大学中門'],"['電気通信大学', '大学']"
625,6375561368,35.6555109,139.5436946,['電気通信大学正門'],"['電気通信大学', '大学']"
626,4411457372,35.6537546,139.5446057,"['マクドナルド調布北口店', '肉汁餃子のダンダダン調布一号店', 'あずきや安堂（あんどう）', '海南記', '伝説のすた丼屋調布店', 'オーロール調布店（Aurore）', 'とらふぐ亭調布店（トラフグテイ）', '調布牛タンいろ葉', 'おいしい寿司と活魚料理魚の飯調布（さかなのまんま）', '大鮨天神通店（大鮨天神通店）', 'い志井本店（もつやきどころ・いしい）', '甘味an&（かんみあんあんど）', 'うまかもんや なべ英', '調布清水']","['鍋', '牛タン', '弁当', '寿司', 'もつ焼き', '中華料理', 'たい焼き・大判焼き', '日本酒バー', '和菓子', 'かき氷', '食堂', '餃子', '海鮮', 'もつ鍋', '豚丼', 'ハンバーガー', '甘味処', 'ふぐ', '飲食店', 'ラーメン', 'パン', '居酒屋', '日本料理', 'おでん', 'そば']"
627,7274607267,35.6605136,139.5863867,"['サイゼリヤ仙川店', 'スターバックス・コーヒー仙川駅前店', 'ラパウザ仙川店（LaPausa）']","['イタリアン', 'カフェ', '飲食店', 'パスタ', 'ピザ', 'ファミレス']"
628,9134437331,35.652446,139.54374,"['サブウェイ調布パルコ店（SUBWAY）', '天濱調布パルコ店', 'ゴンチャ調布パルコ店（Gongcha）', '東方紅調布パルコ店', '五穀調布店', 'ラ・メゾンアンソレイユターブル調布パルコ店（LaMaisonensoleilletable）', 'バケット調布パルコ店', 'CheeseEggGarden調布パルコ店（チーズエッグガーデン）', '新宿さぼてん調布パルコ店', '北海道キッチンYOSHIMI調布店（ヨシミ）', 'ジェラフル調布パルコ店（GelaFru）', '山形牛焼肉牛兵衛草庵調布パルコ店', 'すし遊洛調布パルコ店', '築地銀だこ調布パルコ店', 'アフタヌーンティー・ティールーム調布パルコ（AfernoonTeaTEAROOM）', 'ぼてぢゅう調布パルコ店', 'フロプレステージュ調布パルコ店', '北野エース調布パルコ店', 'ミスタードーナツ調布パルコショップ', 'Tops調布PARCO店（トップス）', 'ローカルインディア調布パルコ店（LocalIndia）', 'スターバックスコーヒー調布パルコ店（STARBUCKSCOFFEE）']","['たこ焼き', 'ハンバーグ', 'ケーキ', '寿司', 'インドカレー', 'お好み焼き', '中華料理', '焼肉', 'ドーナツ', 'たい焼き・大判焼き', '洋菓子', '食堂', 'コンビニ・スーパー', 'サンドイッチ', 'クレープ・ガレット', 'コロッケ', 'オムライス', 'チーズ料理', 'アジア・エスニック', 'とんかつ', 'ティースタンド', 'ホルモン', 'カフェ', 'スイーツ', 'ビュッフェ', 'ヨーロッパ料理', '飲食店', '洋食', 'パン', 'ステーキ', '日本料理']"
629,295361122,35.6555569,139.5678022,"['竹とんぼ', 'カリふぉるにあ（咖喱ふぉるにあ）', '中華そばみのや']","['カレー', 'インドカレー', 'お好み焼き', 'つけ麺', '飲食店', 'ラーメン']"
630,2551992729,35.6614883,139.5849957,"['KOREANKITCEN韓風房', '焼鶏真（SHIN）', 'ヴィエンタイ', 'すき家仙川店', 'スイーツモード仙川店（SweetsMode）', '松屋仙川店', 'とんかつ仙川（とんかつ・せんかわ）', '目黒伊勢武', 'ぱんぷきん', 'スワガット仙川店', 'トラットリアオルソ（TRATTORIAORSO）', 'きちんと料理工房仙川店', '仙川食堂ジョージ', '焼肉仙珠（センジュ）', '中華食堂一番館仙川店', 'せい家仙川店']","['鳥料理', 'カレー', 'イタリアン', '寿司', '牛丼', 'ダイニングバー', '中華料理', '焼肉', 'インド料理', 'パスタ', '食堂', 'アメリカ料理', 'オムライス', 'タイ料理', '沖縄料理', 'とんかつ', 'ホルモン', 'スイーツ', '韓国料理', 'ヨーロッパ料理', '飲食店', 'ラーメン', '洋食', '居酒屋', '焼き鳥']"
631,8497048067,35.6520971,139.5443981,"['鶏十兵衛調布店', 'くいもの屋わん調布北口店', '肉バルちび九炉調布中央口店', 'てけてけ調布北口駅前店', '銀座コージーコーナー調布北口店', '渝園（ゆえん）', '炉端とおでん呼炉凪来調布店', ""NEWYORKER'SCafe調布北口店（ニューヨーカーズ・カフェ）"", 'あずまや調布駅前店', '漁帆']","['たこ焼き', 'ケーキ', 'ろばた焼き', '中華料理', '食堂', '海鮮', 'もつ鍋', 'バル', '居酒屋', 'カフェ', '飲食店', 'ラーメン', 'ステーキ', '日本料理', '焼き鳥', 'おでん']"
632,1396169643,35.6597882,139.5849947,"['簓（ささら）', 'ミスタードーナツ仙川ショップ', 'ぶっ豚仙川店', '大衆割烹うなぎ三進']","['油そば・まぜそば', '飲茶・点心', 'つけ麺', '創作料理', '飲食店', 'パン', 'ドーナツ', 'ラーメン', 'うなぎ', '日本料理']"
633,6524088375,35.652446,139.544209,"['ちとせやCafe調布店', 'ホルモン焼道場蔵調布店', '日高屋調布北口店（ヒダカヤ）', 'しゃぶしゃぶ温野菜調布店']","['豚しゃぶ', 'しゃぶしゃぶ', '居酒屋', 'すき焼き', 'ホルモン', 'カフェ', '飲食店', 'ラーメン', '中華料理', '焼肉', '食堂']"
634,304161250,35.6568344,139.576711,['洋食亭アゼリア'],"['イタリアン', 'フレンチ', '飲食店', '洋食']"
635,3149175766,35.651374,139.545662,"['焼肉平城苑トリエ京王調布店（ヤキニクヘイジョウエン）', 'とんかつまい泉トリエ京王調布店', 'やきとり家すみれ調布駅前店', '妻家房トリエ京王調布店（サイカボウ）', 'やきとん筑前屋調布店', '北海道イタリアンミアボッカトリエ京王調布店', '北陸金沢まわる寿しもりもり寿しトリエ京王調布店', '牛たん炭焼利久トリエ京王調布店（牛たん炭焼りきゅう）', '雲龍一包軒トリエ京王調布店', 'しゃぶ菜トリエ京王調布', '成城石井スタイルデリ&カフェトリエ京王調布店（SEIJOISHIISTYLEDELI&CAFE）', 'おぼんdeごはんトリエ京王調布店', 'スターバックスコーヒートリエ京王調布店', 'GREENTHUMB調布店（グリーンサム）', '日本一トリエ京王調布店', 'ルパトリエ京王調布店（Lerepas）']","['担々麺', '牛タン', '弁当', 'イタリアン', '寿司', 'もつ焼き', '回転寿司', '惣菜・デリ', '飲茶・点心', '中華料理', '焼肉', '食堂', 'パスタ', 'サンドイッチ', 'しゃぶしゃぶ', 'バル', 'とんかつ', 'ホルモン', 'カフェ', 'スイーツ', 'ハンバーガー', 'ビュッフェ', '韓国料理', '飲食店', 'パン', '洋食', '居酒屋', '焼き鳥', 'ピザ']"
636,304773319,35.6516511,139.5663404,['ラーメン悔いなし'],"['油そば・まぜそば', '飲食店', 'ラーメン']"
637,810015934,35.6602422,139.5853718,"['ヴァニエール（VANNIER）', '焼肉市場うまうま', '松のや仙川店', 'スイスレストランセントバーナード仙川店', '鮨・酒・肴杉玉仙川', 'ケンタッキーフライドチキン仙川店']","['海鮮', '居酒屋', 'ケーキ', '寿司', 'とんかつ', 'かつ丼', 'カフェ', 'レストラン', '韓国料理', 'ヨーロッパ料理', '飲食店', '焼肉', 'かき氷', 'アメリカ料理']"
638,10272328580,35.6625659,139.5479541,"['かばん家(ち)（【旧店名】かばのパン）', 'サカナノミライ', '27-TUNA-（ツナツナ）', 'ラティーナ（Latina）', '深大寺カフェ', 'たい焼き慎之介', 'そば処より道（【旧店名】一休庵）']","['海鮮', '弁当', 'うどん', '寿司', '海鮮丼', '惣菜・デリ', 'カフェ', 'ソフトクリーム', '甘味処', '飲食店', 'パン', 'たい焼き・大判焼き', 'サンドイッチ', 'そば']"
639,1656988584,35.6532347,139.5422595,"['とんぼ', '鉄板酒場三八', '牛たん酒場舌心', 'インド・ネパール料理Ｒａｊａ調布店（ラージャ）', '串カツ田中調布店', 'いきなりステーキ調布店', '濃厚つけ麺尚輔', '潤', 'タイペイズナインティワンギンザ（TaiPeiS91GINZA）', '台北飯店（タイペイハンテン）', 'ジンギスカン酒場ヤッホー!', '喜一（きいち）', 'ピント', '元氣七輪焼肉牛繁調布店（ギュウシゲ）', '大衆スタンドモモちゃん']","['ハンバーグ', '牛タン', '弁当', 'インドカレー', 'お好み焼き', 'ジンギスカン', 'つけ麺', 'ネパール料理', 'ステーキ', '中華料理', '焼肉', 'インド料理', '串揚げ', '海鮮', 'タイ料理', 'アジア・エスニック', 'ホルモン', '鉄板焼き', '喫茶店', '創作料理', '飲食店', '台湾料理', 'ラーメン', '居酒屋', '韓国料理', 'ヨーロッパ料理', '洋食', '肉バル']"
640,6524088405,35.6526737,139.5458717,"['調布バル・カベソン', 'ケニーズ（KENNY’s）']","['バー', 'スペイン料理', 'ヨーロッパ料理', '飲食店', 'ビアバー', 'パブ']"
641,1396169725,35.6611779,139.5857258,"['餃子創作料理居酒屋十色', '星乃珈琲店仙川店', 'フレッシュネスバーガー仙川店', '猿田彦珈琲アトリエ仙川']","['カフェ', 'ハンバーガー', '喫茶店', '創作料理', '飲食店', '居酒屋', 'サンドイッチ', '餃子']"
642,11166623067,35.6513375,139.5365442,['あみやき亭調布店'],"['ホルモン', '飲食店', '焼肉', '居酒屋']"
643,2503491074,35.6539501,139.5474509,"['牛たん処い志井本店（ぎゅうたんどころいしい）', '海鮮Bar楠（カイセンバークスノキ）']","['海鮮', '牛タン', '寿司', '飲食店', '居酒屋', 'おでん']"
644,2639231596,35.654912,139.5284921,"['カリーナキッチン', 'ツタヤ（TSUTAYA）', '激辛ホルモンうたげ']","['イタリアン', 'インドカレー', 'ホルモン', '創作料理', '飲食店', '居酒屋']"
645,11166643283,35.6497517,139.5577233,"['亀乃子本舗（カメノコホンポ）', '麺匠いしかわや', 'バーンサイアム', '旬鮮酒場 華肴', '台湾and中華食堂だいちゃん']","['カレー', 'タイ料理', 'つけ麺', '台湾料理', '飲食店', '中華料理', 'ラーメン', '居酒屋', '和菓子']"
646,6524088416,35.6524162,139.5464107,"['日本酒と牡蠣...時々おでんBACHIYA調布店（バチヤ）', 'フジヤマテキサス', '鳥勝（トリカツ）', '桃園', 'ホルモンきんたろー', '極楽よだれ酒場調布（ゴクラクヨダレサカバ）', '焼肉いち', '地鶏と伊勢海老中華そば頑', '洋風酒場HIRO（ヨウフウサカバヒロ）', 'ひかり寿司']","['鳥料理', '串焼き', '寿司', '中華料理', '焼肉', '日本酒バー', '揚げ物', '串揚げ', 'ちゃんぽん', 'ホルモン', '創作料理', '飲食店', 'ラーメン', '居酒屋', '焼き鳥', '立ち飲み', 'おでん']"
647,2643006183,35.6511523,139.5474825,"['オーキッドキッチン（OrchidKitchen）', '二代目うおたまよだれ屋本家調布', 'ティオ・ダンジョウ', '土と青']","['カレー', 'ワインバー', '海鮮', 'タイ料理', 'スペイン料理', 'レストラン', '飲食店', '居酒屋', '日本料理']"
648,2215722586,35.6605526,139.584541,"['OH！膳屋（おぜんや）', '幡乃屋', 'モココクレープ（mococoCREPE）', '横浜家系ラーメン龍神家', 'ドトールコーヒーショップ京王仙川店', '中国菜館福寿（フクジュ）', '酒亭中華いこい', 'ドーナツ工房 レポロ', '餡の輪（アンノワ）']","['洋菓子', 'うどん', '和菓子', 'カフェ', '創作料理', '飲食店', '中華料理', 'ドーナツ', '居酒屋', 'ラーメン', 'パン', 'そば', 'クレープ・ガレット']"
649,2643378456,35.6528598,139.5450229,"['ぽくぽく', '松軒中華食堂調布店', '松屋調布駅前店', '夕焼け飯店（ゆうやけはんてん）']","['カレー', '串揚げ', '海鮮', '創作料理', '牛丼', '飲食店', '中華料理', '居酒屋', '食堂']"
650,287791766,35.6486909,139.5655486,"['リンガーハットイトーヨーカドー国領店', 'すき家イトーヨーカドー国領店', 'はなまるうどんイトーヨーカドー国領店', 'サンブーランジュリ国領店', '築地銀だこイトーヨーカドー国領店', '銀座コージーコーナーイトーヨーカドー国領店', 'サーティワンアイスクリーム国領イトーヨーカドー店', 'マクドナルド国領イトーヨーカドー店']","['カレー', 'たこ焼き', 'ケーキ', 'うどん', 'ハンバーガー', '飲食店', '牛丼', 'パン', 'ジェラート・アイスクリーム', '中華料理', '食堂', 'クレープ・ガレット']"
651,3149244054,35.6573788,139.5463609,['れんげ食堂Toshu調布ヶ丘店（トウシュウ）'],"['食堂', '飲食店']"
652,7274607284,35.6605118,139.5867268,"['磯春（いそはる）', '調布市せんがわ劇場', 'まや徳（まやとく）', 'トラットリア・フィーロ（trattoriafilo）']","['史跡', 'たこ焼き', 'イタリアン', '寿司', '名所', 'お好み焼き', '観光', '飲食店', 'シーフード', '日本酒バー', 'パスタ', '焼酎バー', '遊ぶ']"
653,4720053453,35.6460788,139.5615737,"['トゥエルブ（CRAFTBEERPUBTWELVE12）', 'ホロホロカフェ（HoloHoloCafe）', 'デニーズ調布店']","['ビアホール', '飲食店', 'ビアバー', 'バル', 'カフェ', 'ファミレス']"
654,1396169399,35.6581908,139.5879983,"['しゃぶ葉仙川', '仙川湯けむりの里', 'ジョナサン仙川店', 'キックバックカフェ（KICKBACKCAFE）']","['豚しゃぶ', 'しゃぶしゃぶ', '温泉', '観光', 'カフェ', '創作料理', '飲食店', '遊ぶ', 'ファミレス']"
655,1678448402,35.6475015,139.5460066,['トラットリアティモ（TRATTORIATimo）'],"['イタリアン', '飲食店']"
656,905105790,35.6468751,139.5345136,['ルサック（RESSAC）'],"['喫茶店', '飲食店', 'パン']"
657,5118739874,35.654219,139.5444266,"['ItalianKitchenVANSAN調布店', '牛角調布店', '焼肉たいぜん', 'やきとり家すみれ調布店']","['バル', 'イタリアン', 'ビュッフェ', '飲食店', '焼肉', '居酒屋', '焼き鳥', 'ピザ']"
658,287792182,35.6497301,139.5596466,"['CRAZYPIZZA', 'ドンブラボー（DonBravo）', 'イタリアンダイニングバニアンツリー（ItalianDiningBanyanTree）']","['イタリアン', 'バー', '飲食店', 'ダイニングバー', 'パスタ', 'ピザ']"
659,6426710608,35.6518975,139.5424284,"['肉が旨いカフェNICKSTOCKトリエ京王調布店（ニックストック）', 'ピッツェリアナポリターナカンテラ調布店（pizzerianapoletanaCANTERA）', 'PEPspanishbar調布店（ペップスパニッシュバル）']","['イタリアン', 'カフェ', 'スペイン料理', 'ハンバーガー', 'ヨーロッパ料理', '飲食店', 'ダイニングバー', '居酒屋', 'ピザ']"
660,568043961,35.6673225,139.5622302,['マイクロカフェ調布深大寺店（micro-cafe）'],"['カフェ', '飲食店', '居酒屋', '日本料理']"
661,632220947,35.6601496,139.583285,"['東風庵（コチアン）', 'RestaurantCOZY（レストランコージー）']","['イタリアン', '飲食店', '洋食', '日本料理', 'そば']"
662,7274607087,35.6590999,139.5857546,"['ニトリダイニングみんなのグリルホームズ仙川店', 'タピオカスイーツチュチュホームズ仙川店（tapiocasweetstutu）', 'いざかやメネフネ', 'モイスェン（Mäuschen）', 'はなまるうどんホームズ仙川店', '魚酒場汐◯', 'カリーバー・ミルチ（CurryBarMirch）', 'ラ・ヴィエイユ・フランス仙川店（LAVIEILLEFRANCE）']","['カレー', 'ケーキ', 'うどん', 'インドカレー', 'ダイニングバー', 'ステーキ', '日本酒バー', 'インド料理', '居酒屋', 'タピオカ', 'スイーツ', '飲食店', 'ジェラート・アイスクリーム', '焼酎バー', 'カレーうどん']"
663,2503491185,35.6531718,139.5460635,"['相撲めし皇風ノ店（キミカゼノミセ）', '魚菜さくらざわ', '出雲そばやくも（やくも）', 'ウノセッテ調布店（17-unosette-）', '天神通り', '調布牡蠣basara（【旧店名】和酒厨房ばさら）']","['史跡', '海鮮', '市場', 'パスタ', 'イタリアン', '名所', '観光', '商店街', 'かき', '創作料理', '飲食店', 'ちゃんこ鍋', '居酒屋', 'ショッピング', '日本料理', '焼き鳥', '遊ぶ', 'そば']"
664,3146710836,35.6552378,139.5478369,"['魚と酒菜猿側（サカナトサカナエンガワ）', 'トラットリアコンチェルボーノ（TrattoriaConcerbuono）', 'AGNI調布店（アグニ）']","['海鮮', 'イタリアン', 'インドカレー', 'インド料理', '飲食店', '居酒屋', '日本料理', 'パスタ', 'ピザ']"
665,287448108,35.6471136,139.5471506,"['焼肉きんぐ調布店', 'イルキャンティ調布店']","['イタリアン', '飲食店', '焼肉', '居酒屋', 'ピザ']"
666,5004072731,35.6563265,139.5296736,"['増田屋西調布店（ますだや）', 'あじゅーる']","['うどん', '丼', '飲食店', '洋食', 'ステーキ', 'パスタ', 'そば']"
667,303309510,35.6485916,139.5589236,"['餃子製作直売所餃子王King', 'ネパール・インドレストラン＆バークオリティー国領店（QUALITY）']","['インドカレー', 'ネパール料理', '飲食店', 'インド料理', '餃子']"
668,1607727167,35.6426557,139.5379673,['竹乃家'],"['飲食店', 'うなぎ', '日本料理']"
669,295063512,35.6526763,139.564372,['鮒宿'],"['天ぷら', '麺類', '飲食店', '日本料理']"
670,11192844407,35.6485559,139.5429824,['鴨と蟹中華そば猿'],"['飲食店', 'ラーメン']"
671,1781366994,35.6628171,139.5842887,"['カフェペルシェ（CafePerche）', '番兵（ばんべい）', '豚風仙川店（トンプウ）', 'モリバコーヒー仙川店（MORIVACOFFEE）']","['串揚げ', 'オーガニック', 'バー', 'ホルモン', 'カフェ', '喫茶店', '飲食店', 'パン', '焼肉', '居酒屋', '立ち飲み', 'おでん']"
672,1685160191,35.6376063,139.5544065,"['鶏白湯麺樹', '薪窯ピッツァ調布']","['飲食店', 'ラーメン', 'ピザ', 'カフェ']"
673,7274607114,35.6615257,139.5855035,"['センガワポワール（sengawapoire）', '豊後高田どり酒場仙川駅前店', 'しゃぶしゃぶ温野菜仙川店', 'アンデルセン仙川店（ANDERSEN）']","['ハンバーグ', 'しゃぶしゃぶ', '焼き鳥', 'カフェ', 'ビュッフェ', '創作料理', '飲食店', 'パン', '居酒屋', 'パスタ']"
674,7056237242,35.6670902,139.548653,"['深大寺そば青木屋深大寺店', '元祖嶋田家', '梅月（バイゲツ）', '深大寺そば「きよし」']","['飲食店', 'たい焼き・大判焼き', '和菓子', 'うどん', 'そば']"
675,9134437321,35.6513608,139.5439974,"['四十八漁場調布駅前店', ""エムスキッチン（M'sKitchen）"", '目利きの銀次調布南口駅前店', '全席個室楽蔵調布南口店（RAKUZO）', 'カレーショップC&C調布南口店', '山内農場調布南口駅前店']","['鳥料理', 'カレー', '海鮮', 'アジア・エスニック', 'インドカレー', '創作料理', '飲食店', '居酒屋', 'インド料理', '焼き鳥', '日本酒バー']"
676,8176349737,35.6596457,139.5857003,"['CoCo壱番屋京王仙川駅前通店', 'ウラニワ仙川店', '酒処ぶぶや（【旧店名】ばさら）', 'レキュム・デ・ジュール（cafe&barLecumedesJours）']","['カレー', '海鮮', '郷土料理', 'バー', 'カフェ', '喫茶店', '創作料理', '飲食店', '居酒屋']"
677,1800865902,35.6678369,139.5452302,['玉喜'],"['飲食店', 'うどん', 'そば']"
678,304161246,35.6576727,139.5755765,['エビスつつじヶ丘店'],"['もつ鍋', '居酒屋', '飲食店', '日本酒バー']"
679,440146586,35.6528231,139.5700094,['青木屋調布柴崎店'],"['飲食店', '和菓子', 'ケーキ']"
680,11192844415,35.6484582,139.5432698,"['虎よし', '刀削麺大鵬調布店', 'ベルベットコネクション（VELVETCONNECTION）', 'まるたか']","['担々麺', 'うどん', '刀削麺', 'カフェ', 'つけ麺', '飲食店', 'ラーメン', '居酒屋', '焼き鳥', '汁なし担々麺']"
681,2551993256,35.6625397,139.5838337,"['鳥貴族仙川店', '麺処かず屋', 'かに道楽調布仙川店', '掌庵蕎麦石はら', '八丈島・銭洲・奄美大島仙川釣よし']","['天ぷら', '鳥料理', '海鮮', 'かに', 'つけ麺', '飲食店', 'ラーメン', '居酒屋', '揚げ物', '日本料理', '焼き鳥', 'そば']"
682,2511023221,35.6756178,139.5460656,['マルタ（Maruta）'],"['ヨーロッパ料理', '飲食店']"
683,2258149347,35.657193,139.575704,['ブーランジェリークープ（BoulangerieCoupe）'],"['飲食店', 'パン', 'サンドイッチ']"
684,6511475285,35.6634499,139.5848963,['三代目鳥メロ仙川駅前店'],"['飲食店', '居酒屋', '焼き鳥']"
685,4505512332,35.6487875,139.5511708,"['たかつ', '中華そば双葉', 'ベルウッド']","['ベーグル', 'ラーメン', '飲食店', '中華料理', '焼き鳥']"
686,2592345867,35.6520893,139.5458107,"['大衆居酒屋もんじゃ酒場だしや調布店（【旧店名】大衆居酒屋もんじゃ酒場）', 'サンマロー', 'ダイニングレストラン楠カンフォーラ', 'たけちゃんにぼしらーめん', '鳥貴族調布東口店']","['鳥料理', '油そば・まぜそば', 'ケーキ', 'うどん', 'お好み焼き', 'つけ麺', 'もんじゃ焼き', '海鮮', 'しゃぶしゃぶ', 'カフェ', '喫茶店', '飲食店', 'ラーメン', '居酒屋', '焼き鳥']"
687,5118739868,35.6558309,139.5419973,['食神餃子王'],"['飲食店', '中華料理', '餃子']"
688,2592345866,35.6521533,139.5454214,"['さかなや道場調布東口店', '肉汁餃子のダンダダン調布総本店', 'つけめんTETSU調布店（ツケメンテツ）', '調布っ子ダイニングペコリ', '珈琲館調布店', '鉄板バルAKICHI（アキチ）', '行きたくなる酒場浜ちゃん調布店']","['海鮮', '弁当', '居酒屋', 'イタリアン', 'かに', '鉄板焼き', 'つけ麺', '喫茶店', '飲食店', 'ダイニングバー', 'ステーキ', '餃子']"
689,304161261,35.6582067,139.5746993,"['やきとり鳥次郎', '真誠家つつじヶ丘店', '万葉そばつつじヶ丘店', 'シェ・レカミエ京王リトナードつつじヶ丘店', 'ルパつつじヶ丘店（Lerepas）', 'ガスト京王リトナードつつじヶ丘店']","['カレー', 'ケーキ', 'うどん', 'カフェ', 'ファミレス', '飲食店', 'パン', 'ラーメン', '居酒屋', '焼き鳥', 'サンドイッチ', 'そば']"
690,295884450,35.6541183,139.5677595,"['ジョンブル柴崎店', 'さくらんぼ（JAZZLIVE咲蘭房）']","['ハンバーグ', 'バー', '喫茶店', '飲食店', '洋食', 'ステーキ']"
691,6524088396,35.6525911,139.5457837,"['やきとり処い志井東口店（やきとりどころいしい）', '王道タンメン調布店', '豚珍館東口店', 'ぶっ豚調布店（ぶっとん）', '大衆ビストロコタロー', '調布ワインバルBiBBER（ワインバルビバー）', 'い志井2-kai']","['油そば・まぜそば', 'バル', 'イタリアン', 'とんかつ', 'もつ焼き', 'つけ麺', '飲食店', 'ラーメン', '居酒屋', 'ビストロ', '焼き鳥']"
692,2503495190,35.6587722,139.5377025,['中華料理八幡'],"['飲食店', '中華料理']"
693,7742593410,35.6664245,139.5504051,['矢田部茶屋（やたべちゃや）'],"['飲食店', 'そば']"
694,1396169705,35.660556,139.5843114,"['BASEBAKERY', 'ダニーマミー（『DanayMommy』byDankunmama【旧店名】ダン君ママ）', 'Oggi（オッジ）']","['洋菓子', 'ワインバー', '飲食店', 'パン', 'バル', 'イタリアン']"
695,1138638569,35.6490832,139.5501817,"['オステリアアルコバレーノ', '大翁']","['イタリアン', '飲食店', '中華料理', 'パスタ', 'ピザ']"
696,310387490,35.660662,139.5227964,"['てぃーだかんかん飛田給店', 'いけとっちゃん', '日高屋飛田給北口店', 'すき家飛田給店']","['郷土料理', '沖縄料理', '飲食店', 'ラーメン', '牛丼', '居酒屋', '中華料理', '焼き鳥', '餃子']"
697,1665566561,35.6441823,139.5375113,['カフェ大好き'],"['カレー', 'カフェ', '飲食店', 'ジェラート・アイスクリーム']"
698,3145502583,35.6463494,139.5541578,['スエヒロ館調布国領店'],"['飲食店', 'ハンバーグ', 'ステーキ']"
699,1314217197,35.6562862,139.5897733,"['空彩（ソライロ）', '中華そばしば田']","['飲食店', 'ラーメン', '食堂', 'カフェ']"
700,2500431455,35.6568877,139.5388692,['カフェルプティボヌール（CafeLePetitBonheur）'],"['飲食店', 'カフェ']"
701,7271438459,35.6506217,139.5442963,"['ジョナサン調布駅前店', '焼肉の和民調布南口店']","['韓国料理', '飲食店', '焼肉', '居酒屋', 'ファミレス']"
702,6516338422,35.6577354,139.5683714,"['中国ラーメン揚州商人キテラタウン調布店（チュウゴクラーメンヨウシュウショウニン）', 'サイゼリヤキテラタウン調布店']","['イタリアン', '飲食店', 'ラーメン', '中華料理', 'パスタ', 'ファミレス']"
703,304161291,35.6578629,139.573874,"['にくやまるじ（【旧店名】やきとんまるじ）', 'ぎょうざの満洲つつじヶ丘北口店']","['もつ焼き', '飲食店', 'ラーメン', '中華料理', '居酒屋', '餃子']"
704,10857764160,35.6488223,139.5586065,"['武蔵家国領店', '如拙（ジョセツ）']","['飲食店', 'ラーメン']"
705,543402846,35.6668928,139.5533999,['福（ふく）'],"['飲食店', 'お好み焼き', '鉄板焼き']"
706,6963272641,35.6615892,139.5235963,"['バーミヤン飛田給駅北口店', 'スタジアム通り']","['史跡', '名所', '観光', 'ラーメン', '飲食店', '中華料理', '遊ぶ', 'ファミレス']"
707,9894833260,35.6545507,139.5295887,['菓子の青木屋西調布店（青木屋）'],"['和菓子', '飲食店']"
708,313855128,35.6530743,139.5602961,['春夏秋冬国領店（チュナチュドン）'],"['韓国料理', '飲食店', '焼肉', '居酒屋']"
709,2261439384,35.6690076,139.5445049,['ステーキガスト深大寺店'],"['ハンバーグ', '飲食店', 'ステーキ', 'ファミレス']"
710,3816776259,35.6560523,139.5435753,"[""マクドナルド２０号調布店（McDonald's）""]","['飲食店', 'カフェ', 'ハンバーガー']"
711,6524088410,35.6525522,139.5459311,"[""HERO'S調布店""]","['ハンバーグ', '飲食店', '洋食', 'ステーキ']"
712,6375081562,35.6518663,139.5473789,"['イルフロッグス（ILLFROGS）', '新鮮ホルモン豚風（トンプウ）']","['ホルモン', 'カフェ', 'ハンバーガー', '飲食店', 'ダイニングバー', '焼肉', '居酒屋']"
713,7274606602,35.6502113,139.5815778,['すき家調布入間店'],"['カレー', '牛丼', '飲食店', '食堂']"
714,304161285,35.6573051,139.5734499,"['とんかつ牧', '笑顔亭つつじケ丘店', '柴崎亭つつじヶ丘本店', '今木屋', '和菓子ささき', '食堂一休', '焼肉ほれぼれつつじヶ丘']","['とんかつ', 'ホルモン', 'ラーメン', '飲食店', '焼肉', '居酒屋', '和菓子', '食堂']"
715,5154562832,35.6434698,139.5333268,"['中華麺王', 'まくりや', '東京蚤の市', '京王閣競輪場']","['カレー', '史跡', 'イベント', '名所', '祭り', '観光', '丼', '飲食店', 'ラーメン', '中華料理', '遊ぶ', 'そば']"
716,8113510437,35.6552455,139.5290566,"['楽園食堂うるま島', 'どびん']","['飲食店', '居酒屋', '沖縄料理']"
717,7742593088,35.6679175,139.5487296,"['一休庵（いっきゅうあん）', '松葉茶屋（まつばちゃや）', '玉乃屋']","['甘味処', '飲食店', 'うどん', 'そば']"
718,1618953490,35.647058,139.5464345,['すし銚子丸調布店'],"['回転寿司', '飲食店']"
719,393810240,35.6617814,139.5837707,"['とり衛門仙川店（トリエモン）', '寿（ヒサシ）', 'ホルモン家族', 'サカナヤアップ', '魔女のカレー（マジョノカレー）']","['カレー', '串焼き', '海鮮', 'ホルモン', 'つけ麺', '韓国料理', '飲食店', 'ラーメン', '焼肉', '居酒屋', '焼き鳥']"
720,2643378432,35.6539231,139.5429841,['CoCo壱番屋京王調布駅北口店（ココイチバンヤ）'],"['カレー', '飲食店']"
721,2208314070,35.6519094,139.54108,"['調布映画祭', 'パラス（Pallas）', '調布市商工まつり', 'くすのきホール']","['史跡', 'イベント', 'バー', '名所', '祭り', '観光', 'カフェ', '飲食店', '遊ぶ']"
722,1396169703,35.6604507,139.5824056,"['旬菜人おしどり', 'AOSAN仙川店（アオサン）', 'カスレ（Kasure）']","['ワインバー', '飲食店', 'パン', '居酒屋', 'ビストロ', '日本料理']"
723,2503491199,35.6543155,139.547118,"['おいものおうち', 'ピアン']","['焼き芋・大学芋', '飲食店', 'パン', 'カフェ']"
724,3149435655,35.6585739,139.5751957,['支那そば見聞録'],"['つけ麺', '飲食店', 'ラーメン', '餃子']"
725,6525493373,35.6535058,139.5428502,"['なか卯調布北口店', '鮨のえん屋調布北口店', '骨付き鶏樹', '無添くら寿司調布駅前店', '回転寿司たいせい調布北口店', '七輪焼肉安安調布店']","['親子丼', '鳥料理', '海鮮', 'うどん', '回転寿司', '創作料理', '飲食店', '牛丼', '焼肉', '居酒屋', '焼き鳥']"
726,3148508677,35.654085,139.5737182,['手紙舎'],"['飲食店', 'カフェ']"
727,6963272632,35.6613715,139.5234763,['KaiserChick（カイザーチック）'],"['ビアホール', '飲食店', 'ケーキ']"
728,6512622329,35.6540964,139.5481306,['みさと屋野菜食堂（みさとややさいしょくどう）'],"['オーガニック', '飲食店', '食堂', '野菜料理']"
729,278927249,35.6773454,139.5549487,['幸楽苑調布深大寺店'],"['飲食店', 'ラーメン']"
730,6516192790,35.659317,139.5738349,"['一軒め', '沖縄料理みやらび', 'クルア・タイ（KruaThai廚泰）']","['カレー', 'タイ料理', '沖縄料理', '飲食店', 'ダイニングバー', '居酒屋', '日本料理', '焼酎バー']"
731,6248295384,35.6501843,139.5514332,"['焼き鳥・もつ鍋一揆調布布田店', 'トラットリアジリオロッソ']","['もつ鍋', 'パスタ', 'イタリアン', '飲食店', '居酒屋', '焼き鳥', 'ピザ']"
732,3149435535,35.65543,139.5540891,['宝珠パン（HOUJYUPAN【旧店名】宝珠庵）'],"['飲食店', 'パン', 'タピオカ']"
733,1396169710,35.6608691,139.5836299,"['蒔', 'ねぐろ']","['飲食店', '居酒屋', '日本料理', '焼き鳥']"
734,6524088434,35.6515246,139.5497259,['松屋布田店'],"['カレー', '牛丼', '飲食店', '食堂']"
735,1797775477,35.659448,139.5216317,"['いっぷく', '宝華飛田給店']","['飲食店', '中華料理', '居酒屋', '食堂']"
736,2503421287,35.6520283,139.5274203,['石臼挽き蕎麦大むら'],"['うどん', '飲食店', '食堂', 'そば']"
737,2639252463,35.6439618,139.537212,['SHIEN2（シエンツーツー）'],"['飲食店', '洋食', 'パスタ']"
738,7308755478,35.6508583,139.5434339,"['うな菊（うなぎく）', 'ポポラマーマ調布店', 'れんげ食堂Toshu調布店']","['飲食店', '中華料理', 'イタリアン', 'パスタ', 'うなぎ', 'カフェ']"
739,295884569,35.6524131,139.5676163,['秀華'],"['油そば・まぜそば', '飲食店', 'ラーメン', '餃子']"
740,6911556680,35.6599451,139.5224959,"['長陽', 'ブーランジェリーテールヴィヴァン飛田給店（BOULANGERIETerreViante）', '魚亥子飛田給店（うおいね）']","['海鮮', '寿司', '飲食店', 'ラーメン', '中華料理', '居酒屋', 'パン']"
741,287795467,35.6481256,139.5594333,"['ラ・ファリーナ', '麺飯坊 無双']","['担々麺', '創作料理', '飲食店', '中華料理', 'イタリアン']"
742,10271579699,35.6506276,139.5459884,"['焼鳥一灯', '喜多方ラーメン坂内調布店']","['飲食店', 'ラーメン', '居酒屋', '焼き鳥', '日本酒バー']"
743,1656988598,35.6583756,139.5400871,['鯉寿司調布店'],"['寿司', '飲食店']"
744,4586528621,35.6644867,139.5219489,['酔八仙（スイハッセン）'],"['四川料理', '飲食店', '中華料理', '餃子']"
745,3145408040,35.6562994,139.5666806,['とんかつ竹一'],"['飲食店', 'とんかつ', '食堂']"
746,5710848303,35.6622093,139.5239453,['華屋与兵衛飛田給店'],"['飲食店', '日本料理', 'ファミレス']"
747,671474056,35.6367842,139.556834,"['武久らぁめん', '壱角家国領店', 'K.C.国領店']","['インドカレー', 'つけ麺', 'ネパール料理', '飲食店', 'ラーメン', 'インド料理']"
748,287792156,35.649594,139.5603917,['甲州屋'],"['レストラン', '飲食店']"
749,2078704073,35.6622881,139.534992,['レイリオン（Leirion）'],"['飲食店', '洋菓子', 'ケーキ']"
750,298967519,35.6403099,139.5571481,['ぱんぽわん'],"['飲食店', 'パン', 'ケーキ']"
751,10594276844,35.653609,139.5470461,"['柳寿司', 'UOTAKU（ウオタク【旧店名】鮨・ワインUOTAKU）']","['海鮮', '飲食店', '居酒屋', '寿司']"
752,1404154443,35.6607539,139.5859277,"['新海南記', 'バナナスタンド仙川店（BANANASTAND）', '籠屋仙川店']","['その他', '飲食店', '中華料理', 'ジューススタンド']"
753,5800041768,35.6540098,139.5458836,['とんかつ専門上原'],"['とんかつ', '飲食店']"
754,7742593085,35.6666976,139.5494839,"['八起', 'そばごちそう門前（深大寺そば）', '深大寺鈴や']","['甘味処', '飲食店', '和菓子', 'そば', 'せんべい']"
755,3146848597,35.6529332,139.5470734,"['いづみ', '調布大衆食堂Wパンチ']","['飲食店', '居酒屋', 'カフェ']"
756,7308755481,35.6494323,139.5432408,"['天丼てんや調布とうきゅう店', '横浜くりこ庵調布店']","['天ぷら', '飲食店', 'たい焼き・大判焼き', '天丼']"
757,1715696017,35.6572244,139.5655161,['更科支店（さらしなしてん）'],"['うどん', '飲食店', '食堂', 'そば']"
758,1480433338,35.6734519,139.5593372,['寿司政'],"['寿司', '飲食店']"
759,5252210734,35.6544086,139.5302493,['ほっともっと調布下石原店'],"['飲食店', '弁当']"
760,7354340237,35.6562793,139.5676126,['ポンチキヤ'],"['ヨーロッパ料理', '飲食店', 'ドーナツ']"
761,6516146525,35.6630193,139.583245,['大衆食堂てんぐ大ホール仙川店'],"['飲食店', '居酒屋', '食堂']"
762,994887119,35.6548627,139.5293761,['ガスト調布上石原店'],"['飲食店', 'ファミレス']"
763,731790290,35.6578913,139.5693787,['無添くら寿司調布つつじヶ丘店'],"['飲食店', '寿司', '回転寿司']"
764,4762171934,35.6559326,139.533964,['かれーや'],"['カレー', '飲食店', '丼']"
765,3145407827,35.6561315,139.5665467,['すき家甲州街道柴崎店'],"['飲食店', '牛丼']"
766,6250877939,35.6512298,139.5403174,"['調布市観光案内所 ぬくもりステーション', 'イオンシネマ シアタス調布', 'カオマンガイ12号', '猿田彦珈琲調布焙煎ホール', '鶏そば十番156トリエ京王調布店（イチコロ）']","['史跡', '遊ぶ', 'タイ料理', 'ベトナム料理', '名所', '観光', 'カフェ', 'つけ麺', '飲食店', 'ラーメン', '汁なし担々麺']"
767,7742593223,35.6657968,139.551367,['多聞（たもん）'],"['飲食店', 'そば']"
768,287448107,35.647751,139.5453268,['いしもり'],"['飲食店', 'うどん', 'そば']"
769,7682918185,35.6622673,139.5850557,"['銀座コージーコーナー仙川店', '権米衛フレンテ仙川店（ゴンベエ）']","['おにぎり', '飲食店', 'ケーキ']"
770,2261439438,35.6711312,139.5444032,['松の木'],"['飲食店', 'そば']"
771,1656988674,35.6609293,139.5405805,['ジャスミン亭富士見町店（ジャスミンテイ）'],"['飲食店', '中華料理']"
772,9971478933,35.6585744,139.5752634,"['魚民つつじヶ丘北口駅前店', '松屋京王つつじヶ丘店']","['カレー', '海鮮', '創作料理', '牛丼', '飲食店', '居酒屋', '食堂']"
773,7530935797,35.6580005,139.5281825,['はんめんち'],"['韓国料理', '飲食店', '焼肉', '居酒屋']"
774,1787435467,35.6486057,139.5279399,"['東宝調布スポーツパーク', 'カフェレストラングリーンカフェ（カフェレストランGreenCafe）']","['公園', '観光', 'テーマパーク', 'カフェ', 'レストラン', '飲食店', '遊ぶ', '植物園']"
775,1314172647,35.666447,139.5826795,['みっちゃん仙川本店（【旧店名】三鷹みっちゃん）'],"['お好み焼き', '飲食店']"
776,3149362560,35.6521546,139.5489389,"['お食事処アナログ', '中国料理飛竜（チュウゴクリョウリヒリュウ）']","['海鮮', '飲食店', '中華料理', '食堂', '日本料理', '餃子']"
777,7056345019,35.6724576,139.5595293,['ル･カナール'],"['飲食店', '洋菓子']"
778,1138638547,35.6466716,139.5502605,['BistroD’（ビストロ ディーダッシュ）'],"['ワインバー', 'フレンチ', '飲食店', 'ビストロ']"
779,8724339653,35.6486229,139.5427748,['バーミヤン調布駅南店'],"['飲食店', '中華料理', 'ファミレス']"
780,873822869,35.6498411,139.580567,['仙川鯉寿司（コイスシ）'],"['海鮮', '飲食店', '寿司']"
781,8808045016,35.6655177,139.583352,"['コメダ珈琲店調布仙川店', '不二家いなげや調布仙川店']","['洋菓子', 'ケーキ', 'カフェ', '喫茶店', '飲食店', 'ジェラート・アイスクリーム']"
782,9320819658,35.6523929,139.5467656,"['甲州屋（こうしゅうや）', '炉端調風（ろばたちょうふう）']","['串焼き', '飲食店', '居酒屋', 'ろばた焼き']"
783,5302079478,35.652481,139.5668632,['大雄'],"['ラーメン', '飲食店', '居酒屋', '食堂']"
784,2643378461,35.6543691,139.5401007,['ベーカリー＆カフェ ふぁんふぁーれ（Fanfare）'],"['飲食店', 'パン', 'カフェ']"
785,3149541092,35.6620802,139.5649923,['らーめんき楽（㐂楽）'],"['飲食店', '中華料理']"
786,316429729,35.6575748,139.5301068,['とん松'],"['とんかつ', '飲食店']"
787,1666548358,35.6439822,139.5386235,['フランダース'],"['飲食店', 'パン', 'ケーキ']"
788,1314217182,35.6558947,139.5893535,"['楽山（らくざん）', 'LaPrimaPagina（ラプリマパージナ）']","['担々麺', 'ワインバー', '四川料理', 'イタリアン', '飲茶・点心', '飲食店', 'パスタ']"
789,300259360,35.6545479,139.5658764,['ウェアハウスガーデン（WarehouseGarden）'],"['飲食店', 'カフェ']"
790,3145387090,35.6503739,139.5677319,['そば処田ぶち'],"['飲食店', 'うどん', 'そば']"
791,1749420755,35.650057,139.5509446,['創作ダイニングやわらぎ'],"['海鮮', '創作料理', '飲食店', '日本料理']"
792,11166643286,35.6472677,139.5604948,['PINO（ピノ）'],"['飲食店', 'パン']"
793,10697117983,35.6717618,139.5442848,['蕎麦るりり'],"['飲食店', '日本酒バー', '焼酎バー', 'そば']"
794,1956599252,35.6649608,139.5871227,['焼肉きんぐ 仙川店'],"['ホルモン', '韓国料理', '飲食店', '焼肉']"
795,9924439601,35.6578628,139.5309366,"['宿場西調布店（しゅくば）', 'ハイジ（BakeraiHEIDI）', '養老乃瀧西調布店']","['飲食店', 'パン', '居酒屋', 'サンドイッチ']"
796,1777103111,35.6583508,139.5284167,['スリバチらーめん大鉢亭（おおばちてい）'],"['飲食店', 'ラーメン']"
797,2592927934,35.6528575,139.5320144,"['淡路島バーガー調布店', 'ぱてぃすりーど・あん']","['飲食店', 'ケーキ', 'チョコレート', 'ハンバーガー']"
798,1268724554,35.6458865,139.5370545,['香港屋台市場京王多摩川駅前店（ホンコンヤタイイチバ）'],"['飲食店', '中華料理']"
799,1754778577,35.6630201,139.5210477,['ナマステインドレストラン飛田給店'],"['飲食店', 'インドカレー', 'インド料理']"
800,5895500799,35.6643673,139.5289533,"['味の素スタジアム', 'ロイヤルホスト味の素スタジアム店', 'ポケットガーデン', 'アミノバイタルフィールド']","['史跡', '名所', '観光', 'その他', '飲食店', '遊ぶ', 'ファミレス']"
801,1396169758,35.661902,139.5856449,"['こしじ', 'きくや', '居酒屋ネマル']","['海鮮', '飲食店', '居酒屋', 'もつ焼き', '焼き鳥', '日本料理']"
802,5050752723,35.6539432,139.5433048,"['ラコパン（LaCopain【旧店名】ビストロコパンBistroCopain）', 'たから家本店(調布店)（たからや）', 'ドトールコーヒーショップ調布北口店', '厨ぼうず調布店', '宇奈とと調布店']","['イタリアン', 'フレンチ', 'つけ麺', '喫茶店', '飲食店', 'ラーメン', '居酒屋', 'うなぎ', 'ビストロ']"
803,448098094,35.6641553,139.5482149,"['深大寺天然温泉 湯守の里', '深大寺天然温泉湯守の里']","['レストラン', '飲食店', 'グルメ', '温泉', '日本料理', '観光', '遊ぶ']"
804,6273381799,35.6599757,139.5894956,['手打ちうどん麦ヶ丘（UDONMUGIGAOCA）'],"['うどん', '飲食店']"
805,8176349748,35.6605801,139.5874838,"['東京アートミュージアム', 'LARGO（ラルゴ）', '中華料理信悦（シンユエ）', '支那そばめでた屋（しなそばめでたや）']","['四川料理', '博物館', 'イタリアン', '観光', 'カフェ', 'つけ麺', '飲食店', 'ラーメン', '中華料理', 'ビアガーデン', '美術館', '遊ぶ', '餃子']"
806,6517942655,35.6545093,139.5643206,['手打麺祭かめ囲'],"['飲食店', 'ラーメン']"
807,6516190854,35.6588353,139.5729422,['北京家庭菜つつじヶ丘店'],"['担々麺', '飲食店', '中華料理', '餃子']"
808,11017311976,35.6549577,139.5450975,"['屋台屋博多劇場調布店', 'ジャクソンホール（JACKSONHOLE）', 'ASIANTAIPEIpresentsResortDiningアジタイ食堂']","['タイ料理', 'アジア・エスニック', 'ハンバーガー', '飲食店', '焼肉', '居酒屋', 'ビアバー', 'アメリカ料理', '焼き鳥']"
809,6800740507,35.6679561,139.5475186,"['大師茶屋', 'そば処湧水（ゆうすい）']","['天ぷら', 'スイーツ', '飲食店', 'そば']"
810,556173775,35.6676569,139.5486319,['深大寺水神苑（じんだいじ すいじんえん）'],"['飲食店', '日本料理', 'そば']"
811,6528425981,35.6540571,139.5412492,['中むら庵（なかむらあん）'],"['飲食店', 'ラーメン', '居酒屋', 'そば']"
812,3149521484,35.6637256,139.5663377,['そば処末広'],"['飲食店', 'そば']"
813,443523673,35.6513462,139.5908289,['神戸屋レストラン成城店（コウベヤレストラン）'],"['カフェ', '飲食店', 'パン', '洋食']"
814,5360310853,35.6783268,139.5470086,['バーミヤン深大寺店'],"['飲食店', '中華料理', 'ファミレス']"
815,325809771,35.6532614,139.5562832,['ケーキ工房いづみの森'],"['ケーキ', '飲食店']"
816,304161297,35.6577749,139.5735403,"['SAKAMOTO（コーヒーバイセンサカモト）', 'PatisserieYUTAoguravisionY（パティスリーユウタオグラビジョンワイ）']","['喫茶店', '飲食店', '洋菓子', 'カフェ']"
817,2503518535,35.6539575,139.529972,['料理うまいBARCOCOCORO（コココロ）'],"['バー', '創作料理', '飲食店', 'ダイニングバー']"
818,5362951422,35.6695288,139.5549878,['からやま調布深大寺店'],"['飲食店', 'からあげ']"
819,11192941603,35.6525372,139.5427133,['ゆめあん食堂調布駅北口店'],"['天ぷら', 'うどん', '飲食店', '食堂']"
820,2503421278,35.6560079,139.5280423,"['江川亭調布店（えがわてい）', 'Den（デン）']","['油そば・まぜそば', '飲食店', 'ラーメン', 'カフェ']"
821,6524088447,35.6503763,139.5540582,['鳥肉専門店 鳥文'],"['その他', '飲食店']"
822,5107486733,35.6487098,139.5431295,"['タイ・トイ（THAITOY）', 'アールティアジアンカフェ（RTAsianCafe）']","['カレー', '飲食店', 'インドカレー', 'タイ料理', 'インド料理']"
823,301765672,35.6519558,139.5565215,['手打さか本そば'],"['ラーメン', '飲食店', '食堂', 'そば']"
824,1915345234,35.6496147,139.5512717,['うどん佐糖'],"['天ぷら', 'うどん', '飲食店', 'そば']"
825,6117759595,35.6563211,139.5519495,['DEVI（デヴィ）'],"['ネパール料理', '飲食店', 'インドカレー']"
826,4585404906,35.65673,139.5312737,['TOMOTOMO（トモトモ）'],"['お好み焼き', '飲食店']"
827,1865276938,35.6448133,139.5565111,['ブーランジェリースノウチ（BoulangerieSunouchi【旧店名】パントレシェル）'],"['飲食店', 'パン']"
828,8692339385,35.6461524,139.5263129,['安田商店'],"['冷麺', '弁当', '韓国料理', '飲食店']"
829,303309476,35.64824,139.5571083,['炭火焼肉 仙牛'],"['飲食店', '焼肉']"
830,1268724547,35.6446888,139.5372695,['みよし'],"['飲食店', 'たい焼き・大判焼き', '焼きそば']"
831,1872456695,35.6536184,139.5328518,['博多とんこつらーめんひゅうが'],"['飲食店', 'ラーメン']"
832,1035470277,35.6584832,139.5887821,['炭火焼肉ホルモン美濃や（ミノヤ）'],"['飲食店', '焼肉', 'ホルモン']"
833,2706234649,35.6635393,139.5837312,"['こうじ家たらぎ', 'サイフォニーコーヒー（siphonycoffee）']","['居酒屋', 'カフェ', '喫茶店', '飲食店', 'パン', '洋菓子', '日本料理']"
834,305546020,35.6563927,139.5693059,['はるさーカレー南国屋'],"['カレー', 'アジア・エスニック', '沖縄料理', '飲食店']"
835,6117759536,35.655264,139.5519543,['手打ちそばたなか'],"['飲食店', 'そば']"
836,429779908,35.6530662,139.5921375,['コナズ珈琲成城店'],"['ハワイ料理', 'カフェ', 'パンケーキ', '飲食店']"
837,443525342,35.6612503,139.5894297,['ブラチェリアカクタス（BRACERIACACTUS）'],"['ワインバー', 'イタリアン', '創作料理', '飲食店']"
838,1679197537,35.6742556,139.554537,['バスラーメン'],"['飲食店', 'ラーメン']"
839,1787435697,35.6532563,139.5305794,['しゃぶしゃぶ温野菜西調布店（しゃぶしゃぶおんやさい）'],"['豚しゃぶ', 'しゃぶしゃぶ', 'すき焼き', '飲食店']"
840,677458925,35.6591642,139.5884905,['光輪堂'],"['和菓子', '飲食店']"
841,1749420785,35.6496158,139.5509479,['バター&ミルク'],"['パンケーキ', '飲食店', 'カフェ']"
842,5302079473,35.6536024,139.5665586,['手打そば小川'],"['飲食店', 'うどん', 'そば']"
843,2551992045,35.6602368,139.587981,"['やきとり処い志井仙川店', 'レネット']","['飲食店', '居酒屋', 'ケーキ', '焼き鳥']"
844,2503491232,35.6544754,139.5460832,['クッキングハウス'],"['飲食店', 'オーガニック', 'カフェ']"
845,6516190869,35.6590648,139.5731422,['酒彩 ぎま（酒彩 儀間）'],"['沖縄料理', '寿司', '飲食店', '日本料理']"
846,7007173237,35.6499392,139.5408403,['Paston（パストン）'],"['飲食店', 'カフェ']"
847,2664447003,35.6674637,139.5503161,"['深大寺 そばまつり', '深大寺', '深大寺だるま市', '深大寺 薪能', 'あめや']","['寺', '教会', 'イベント', '祭り', '観光', '甘味処', '飲食店', 'パン', '和菓子', '遊ぶ', '神社']"
848,1618953320,35.6452594,139.5480298,['調布よさこい'],"['祭り', '観光', '遊ぶ', 'イベント']"
849,4731226732,35.6431388,139.5573293,['染地せせらぎの散歩道'],"['名所', '史跡', '観光', '遊ぶ']"
850,1872456768,35.6640211,139.5495589,['深大寺城跡'],"['名所', '史跡', '観光', '遊ぶ']"
851,9373350804,35.6637683,139.5501022,['水生植物園 深大寺城跡'],"['観光', '遊ぶ', '植物園', '公園']"
852,299420934,35.6530668,139.5528622,['国領神社'],"['教会', '観光', '寺', '遊ぶ', '神社']"
853,671474121,35.6465584,139.5249821,['多摩川原橋'],"['名所', '史跡', '観光', '遊ぶ']"
854,1404154503,35.6646631,139.5848701,['昌翁寺'],"['教会', '観光', '寺', '遊ぶ', '神社']"
855,1618953424,35.6463817,139.5462728,['下布田遺跡 郷土博物館分室'],"['博物館', '観光', '美術館', '遊ぶ']"
856,384066890,35.6536026,139.5843313,['大坂 (若葉町3丁目第3緑地)'],"['名所', '史跡', '観光', '遊ぶ']"
857,304161312,35.6564932,139.5738465,['常楽院(思い出のアルバム歌碑)'],"['史跡', '教会', '名所', '観光', '寺', '遊ぶ', '神社']"
858,1852668260,35.6588548,139.5193473,['ニキシマスポーツセンター'],"['観光', '遊ぶ', 'ゴルフ場']"
859,3268494445,35.6554369,139.545226,['大正寺'],"['教会', '観光', '寺', '遊ぶ', '神社']"
860,297173966,35.6452009,139.5392222,['映画俳優の碑'],"['名所', '史跡', '観光', '遊ぶ']"
861,2651415261,35.6676882,139.5531586,['青渭神社'],"['教会', '観光', '寺', '遊ぶ', '神社']"
862,1714357220,35.6500862,139.583413,['明照院 糟嶺神社'],"['教会', '観光', '寺', '遊ぶ', '神社']"
863,1035483682,35.6577568,139.5848923,"['光西寺', '安善寺']","['教会', '観光', '寺', '遊ぶ', '神社']"
864,384060178,35.6562788,139.5815981,"['武者小路実篤記念館', '調布市武者小路実篤記念館 実篤公園']","['公園', '博物館', '観光', '美術館', '遊ぶ', '植物園']"
865,3145633525,35.6442609,139.5442768,['古天神公園'],"['観光', '遊ぶ', '植物園', '公園']"
866,3268494420,35.6518096,139.5470319,['蓮慶寺'],"['教会', '観光', '寺', '遊ぶ', '神社']"
867,1872456761,35.6614473,139.5501008,['虎狛神社'],"['教会', '観光', '寺', '遊ぶ', '神社']"
868,5360310873,35.6772022,139.5465178,['湯の森 深大湯'],"['観光', '遊ぶ', '温泉']"
869,303687635,35.6474583,139.5803586,['野川の桜'],"['観光', '遊ぶ', '花見']"
870,5096866264,35.6569776,139.5459125,['布多天神社'],"['教会', '観光', '寺', '遊ぶ', '神社']"
871,9558845298,35.653075,139.5284306,['上石原若宮八幡神社'],"['教会', '観光', '寺', '遊ぶ', '神社']"
872,299420952,35.6518579,139.5593955,['旧甲州街道'],"['名所', '史跡', '観光', '遊ぶ']"
873,2500459453,35.6540758,139.5369045,['鬼太郎ひろば'],"['観光', '遊ぶ', '植物園', '公園']"
874,315441374,35.6640565,139.557278,['深大寺自然広場 野草園'],"['観光', '遊ぶ', '植物園', '公園']"
875,1314217203,35.6573019,139.5838029,['光徳寺'],"['教会', '観光', '寺', '遊ぶ', '神社']"
876,6273481360,35.6578085,139.5299128,['西光寺'],"['教会', '観光', '寺', '遊ぶ', '神社']"
877,2553623211,35.6799121,139.5581096,['調布航空宇宙センター'],"['博物館', '観光', '美術館', '遊ぶ']"
878,1754071152,35.6574522,139.5440036,['電気通信大学'],['大学']
879,536670527,35.6592177,139.5490944,['大寒桜'],"['名所', '史跡', '観光', '遊ぶ']"
880,1618953117,35.6433545,139.5414915,['調布市花火大会'],"['花火', 'イベント', '祭り', '観光', '遊ぶ']"
